track_id,class,n_obs,duration_s,mean_speed_kph,mean_moving_speed_kph,median_speed_kph,p85_speed_kph,p98_speed_kph,max_speed_kph,mean_speed_ms,p95_accel_ms2,p5_decel_ms2,max_accel_ms2_raw,max_decel_ms2_raw,mean_abs_accel_ms2,accel_exceeds_physical,moving_fraction,mean_speed_px_s,units,basis,length_m,width_m,class_source
1,car,349,11.71,19.52,19.52,19.19,22.5,24.26,25.05,5.42,1.99,-2.45,3.13,-6.31,0.82,False,1.0,63.4,km/h and m/s^2,telemetry-calibrated ground plane (estimate),2.49,2.06,measured_size
2,car,446,15.05,21.17,21.17,21.15,23.58,26.66,26.76,5.88,1.2,-1.67,4.08,-8.32,0.81,False,1.0,74.58,km/h and m/s^2,telemetry-calibrated ground plane (estimate),2.77,2.15,measured_size
3,car,461,15.35,19.6,19.6,19.58,22.31,25.47,25.83,5.45,0.83,-1.16,2.59,-3.75,0.54,False,1.0,95.64,km/h and m/s^2,telemetry-calibrated ground plane (estimate),2.75,1.74,measured_size
4,lgv,1798,59.96,0.46,3.6,3.63,3.88,1.57,4.02,1.0,0.5,-0.5,3.2,-3.28,0.25,False,0.01,1.82,km/h and m/s^2,telemetry-calibrated ground plane (estimate),3.11,2.82,measured_size_overrides_model
5,car,100,3.67,19.78,19.78,19.38,21.32,27.57,29.6,5.49,3.94,-3.46,7.65,-7.98,1.63,False,1.0,56.44,km/h and m/s^2,telemetry-calibrated ground plane (estimate),2.51,1.96,measured_size
6,lgv,375,12.61,6.02,10.55,10.6,16.44,16.99,17.54,2.93,0.99,-1.53,2.31,-1.95,0.65,False,0.49,30.0,km/h and m/s^2,telemetry-calibrated ground plane (estimate),3.34,1.12,measured_size_overrides_model
7,car,1798,59.96,0.53,,,,1.44,2.0,,0.64,-0.54,1.29,-1.4,0.27,False,0.0,1.76,km/h and m/s^2,telemetry-calibrated ground plane (estimate),2.98,2.3,measured_size
8,car,415,13.81,20.03,20.03,20.33,21.98,22.9,23.17,5.56,0.83,-0.65,2.27,-3.06,0.4,False,1.0,68.02,km/h and m/s^2,telemetry-calibrated ground plane (estimate),2.45,1.06,measured_size
9,car,1798,59.96,0.37,,,,0.95,1.46,,0.4,-0.38,0.9,-0.91,0.19,False,0.0,1.48,km/h and m/s^2,telemetry-calibrated ground plane (estimate),2.57,2.39,measured_size
10,car,1798,59.96,0.41,,,,1.41,2.77,,0.41,-0.4,2.13,-2.29,0.2,False,0.0,2.2,km/h and m/s^2,telemetry-calibrated ground plane (estimate),2.97,2.53,measured_size
11,car,1798,59.96,0.33,,,,0.82,1.24,,0.32,-0.29,0.73,-0.94,0.15,False,0.0,1.72,km/h and m/s^2,telemetry-calibrated ground plane (estimate),2.69,2.02,measured_size
12,car,40,1.33,20.21,20.21,20.82,22.59,22.94,22.95,5.61,2.89,-5.3,2.99,-5.71,2.03,False,1.0,56.26,km/h and m/s^2,telemetry-calibrated ground plane (estimate),2.55,2.11,measured_size
13,car,525,17.48,20.55,20.55,21.21,24.74,25.92,26.34,5.71,1.08,-1.25,1.95,-5.27,0.6,False,1.0,75.06,km/h and m/s^2,telemetry-calibrated ground plane (estimate),2.79,2.0,measured_size
14,car,332,13.75,15.42,15.42,15.18,16.78,20.12,27.89,4.28,2.13,-2.27,10.75,-11.81,1.09,True,1.0,70.06,km/h and m/s^2,telemetry-calibrated ground plane (estimate),1.4,0.49,measured_size
15,lgv,1795,59.96,0.4,,,,1.0,1.55,,0.43,-0.42,1.05,-1.14,0.2,False,0.0,2.17,km/h and m/s^2,telemetry-calibrated ground plane (estimate),3.29,1.73,measured_size_overrides_model
16,car,1732,59.96,0.36,,,,0.89,1.23,,0.39,-0.39,0.92,-0.93,0.18,False,0.0,1.73,km/h and m/s^2,telemetry-calibrated ground plane (estimate),1.64,1.28,measured_size
17,car,214,7.17,22.1,22.1,22.12,25.1,27.11,27.17,6.14,1.63,-2.88,2.5,-6.91,0.87,False,1.0,67.86,km/h and m/s^2,telemetry-calibrated ground plane (estimate),2.8,0.95,measured_size
18,car,1521,53.29,0.61,,,,1.49,2.27,,0.7,-0.7,1.55,-1.8,0.33,False,0.0,2.11,km/h and m/s^2,telemetry-calibrated ground plane (estimate),1.88,1.68,measured_size
19,car,55,1.83,18.85,18.85,19.99,20.32,20.41,20.43,5.24,2.8,-3.96,2.89,-4.02,1.18,False,1.0,113.52,km/h and m/s^2,telemetry-calibrated ground plane (estimate),,,model_only_insufficient_geometry
20,car,283,9.84,0.7,4.08,4.21,4.48,4.22,4.53,1.13,0.86,-0.99,3.44,-3.5,0.42,False,0.05,3.36,km/h and m/s^2,telemetry-calibrated ground plane (estimate),2.66,2.17,measured_size
21,car,141,5.87,23.17,23.17,23.44,25.44,26.83,29.55,6.44,4.68,-3.53,6.71,-7.54,1.46,False,1.0,129.08,km/h and m/s^2,telemetry-calibrated ground plane (estimate),1.54,0.38,measured_size
22,car,422,16.08,23.25,23.25,23.79,26.93,29.37,41.61,6.46,2.2,-1.44,13.79,-13.24,0.98,True,1.0,92.9,km/h and m/s^2,telemetry-calibrated ground plane (estimate),1.26,0.68,measured_size
23,car,266,10.14,18.54,18.54,18.51,19.64,21.96,24.67,5.15,2.25,-2.37,5.99,-4.75,1.08,False,1.0,59.04,km/h and m/s^2,telemetry-calibrated ground plane (estimate),1.5,0.51,measured_size
24,motorcycle,499,18.59,23.24,23.24,22.78,25.81,28.34,33.3,6.46,2.24,-2.29,6.61,-8.59,1.01,False,1.0,92.05,km/h and m/s^2,telemetry-calibrated ground plane (estimate),1.38,0.5,model_reliable_for_this_class
25,motorcycle,333,16.72,10.91,12.64,7.12,24.88,30.5,41.58,3.51,4.75,-5.73,15.32,-15.46,1.93,True,0.85,38.43,km/h and m/s^2,telemetry-calibrated ground plane (estimate),1.5,0.72,model_reliable_for_this_class
27,car,150,5.17,17.37,17.37,17.77,18.57,19.01,19.36,4.82,1.53,-2.22,2.43,-3.28,0.55,False,1.0,98.69,km/h and m/s^2,telemetry-calibrated ground plane (estimate),1.38,0.52,measured_size
28,car,222,7.61,7.52,7.52,7.21,9.31,11.62,11.85,2.09,0.85,-2.05,1.73,-3.85,0.57,False,1.0,30.74,km/h and m/s^2,telemetry-calibrated ground plane (estimate),2.17,0.96,measured_size
29,pedestrian,975,38.3,0.43,3.59,3.63,3.9,2.98,4.0,1.0,0.46,-0.38,3.55,-2.76,0.22,False,0.02,1.89,km/h and m/s^2,telemetry-calibrated ground plane (estimate),1.2,0.52,model_reliable_for_this_class
30,pedestrian,119,4.0,4.27,4.54,4.3,5.15,7.93,8.22,1.26,2.94,-4.16,4.35,-4.83,1.25,False,0.9,15.51,km/h and m/s^2,telemetry-calibrated ground plane (estimate),1.33,0.4,model_reliable_for_this_class
32,car,1296,59.96,0.32,,,,0.82,1.02,,0.33,-0.34,0.67,-0.73,0.15,False,0.0,1.67,km/h and m/s^2,telemetry-calibrated ground plane (estimate),2.36,1.97,measured_size_overrides_model
34,motorcycle,183,6.57,9.77,9.77,10.37,13.88,14.14,14.22,2.71,0.87,-1.26,1.73,-2.56,0.61,False,1.0,39.63,km/h and m/s^2,telemetry-calibrated ground plane (estimate),0.99,0.87,model_reliable_for_this_class
35,car,1647,59.96,0.58,3.88,3.99,4.15,2.14,4.17,1.08,0.88,-0.89,3.12,-3.64,0.37,False,0.01,3.2,km/h and m/s^2,telemetry-calibrated ground plane (estimate),2.14,1.34,measured_size
36,car,243,20.72,0.6,,,,1.87,2.14,,0.53,-1.07,1.45,-1.63,0.33,False,0.0,2.38,km/h and m/s^2,telemetry-calibrated ground plane (estimate),2.71,2.43,measured_size
37,motorcycle,424,15.68,22.92,22.92,22.91,25.78,27.0,36.48,6.37,3.45,-2.63,9.68,-9.49,1.06,False,1.0,83.79,km/h and m/s^2,telemetry-calibrated ground plane (estimate),1.44,0.72,model_reliable_for_this_class
38,motorcycle,301,10.81,21.27,21.27,20.78,22.74,26.29,29.61,5.91,2.37,-2.67,6.84,-6.19,0.92,False,1.0,70.45,km/h and m/s^2,telemetry-calibrated ground plane (estimate),1.44,0.57,model_reliable_for_this_class
39,car,1670,59.96,0.55,3.3,3.3,3.44,1.92,3.46,0.92,0.74,-0.76,2.44,-2.98,0.34,False,0.0,2.05,km/h and m/s^2,telemetry-calibrated ground plane (estimate),2.04,1.5,measured_size
40,motorcycle,391,14.38,19.63,19.63,19.92,21.51,26.12,35.95,5.45,1.34,-2.71,13.9,-14.53,0.96,True,1.0,69.12,km/h and m/s^2,telemetry-calibrated ground plane (estimate),1.53,0.4,model_reliable_for_this_class
41,car,165,7.31,19.54,19.54,19.42,20.73,25.63,32.38,5.43,3.34,-4.26,6.09,-16.27,1.55,True,1.0,63.74,km/h and m/s^2,telemetry-calibrated ground plane (estimate),1.69,0.39,measured_size
42,car,34,1.83,22.76,22.76,21.08,26.62,29.24,30.18,6.32,5.14,-7.52,5.49,-8.75,3.42,False,1.0,65.65,km/h and m/s^2,telemetry-calibrated ground plane (estimate),1.73,0.46,measured_size
43,lgv,426,14.21,3.18,6.11,5.57,8.97,9.16,9.3,1.7,0.84,-0.9,1.03,-1.56,0.38,False,0.45,17.02,km/h and m/s^2,telemetry-calibrated ground plane (estimate),3.4,1.5,measured_size_overrides_model
45,motorcycle,232,8.81,20.67,20.67,20.67,22.98,24.48,25.27,5.74,2.93,-4.05,5.23,-10.19,1.4,True,1.0,73.33,km/h and m/s^2,telemetry-calibrated ground plane (estimate),1.18,0.79,model_reliable_for_this_class
46,pedestrian,301,11.24,0.64,,,,1.38,1.5,,0.65,-0.61,0.93,-1.12,0.26,False,0.0,2.09,km/h and m/s^2,telemetry-calibrated ground plane (estimate),1.67,0.31,model_reliable_for_this_class
47,car,34,2.5,0.37,,,,0.61,0.62,,0.33,-0.2,0.41,-0.21,0.11,False,0.0,1.52,km/h and m/s^2,telemetry-calibrated ground plane (estimate),1.11,0.88,measured_size
48,car,1798,59.96,0.44,,,,1.11,1.52,,0.49,-0.49,1.31,-1.32,0.23,False,0.0,1.77,km/h and m/s^2,telemetry-calibrated ground plane (estimate),1.79,1.37,measured_size
50,hgv,1423,59.96,0.52,3.62,3.7,3.9,1.86,3.99,1.01,0.61,-0.61,3.2,-2.41,0.29,False,0.01,2.67,km/h and m/s^2,telemetry-calibrated ground plane (estimate),4.77,2.12,measured_size_large
51,pedestrian,977,34.0,0.41,,,,1.24,2.79,,0.39,-0.41,2.25,-1.17,0.21,False,0.0,1.79,km/h and m/s^2,telemetry-calibrated ground plane (estimate),1.4,0.37,model_reliable_for_this_class
52,car,1770,59.96,0.79,3.46,3.41,3.91,2.3,4.16,0.96,0.89,-0.97,3.1,-2.71,0.46,False,0.01,2.46,km/h and m/s^2,telemetry-calibrated ground plane (estimate),2.9,2.15,measured_size
53,car,96,16.32,0.24,,,,0.5,0.78,,0.1,-0.2,0.21,-0.23,0.08,False,0.0,1.03,km/h and m/s^2,telemetry-calibrated ground plane (estimate),1.61,1.12,measured_size
54,motorcycle,55,2.34,20.96,20.96,21.09,21.72,28.23,31.25,5.82,3.52,-4.93,9.14,-10.54,1.79,True,1.0,63.88,km/h and m/s^2,telemetry-calibrated ground plane (estimate),1.87,0.49,model_reliable_for_this_class
56,car,38,4.0,0.29,,,,0.44,0.56,,0.04,-0.08,0.08,-0.2,0.04,False,0.0,1.36,km/h and m/s^2,telemetry-calibrated ground plane (estimate),1.58,1.27,measured_size
58,car,89,3.1,19.05,19.05,19.6,20.71,22.47,22.58,5.29,3.41,-3.8,4.3,-4.78,1.34,False,1.0,71.72,km/h and m/s^2,telemetry-calibrated ground plane (estimate),1.31,0.88,measured_size
64,car,31,1.97,20.29,20.29,19.68,21.86,29.32,30.92,5.63,7.63,-7.5,11.32,-11.19,2.57,True,1.0,60.56,km/h and m/s^2,telemetry-calibrated ground plane (estimate),2.01,0.47,measured_size
70,pedestrian,15,0.47,0.38,,,,0.38,0.38,,0.0,0.0,0.0,0.0,0.0,False,0.0,1.44,km/h and m/s^2,telemetry-calibrated ground plane (estimate),0.98,0.73,model_reliable_for_this_class
80,hgv,153,5.27,21.08,21.08,20.56,23.56,23.7,24.45,5.86,2.08,-2.38,3.37,-3.6,0.78,False,1.0,64.72,km/h and m/s^2,telemetry-calibrated ground plane (estimate),5.91,4.05,measured_size_large
87,car,198,6.57,21.39,21.39,23.52,26.69,27.17,27.52,5.94,1.0,-2.09,3.42,-3.45,0.91,False,1.0,116.13,km/h and m/s^2,telemetry-calibrated ground plane (estimate),1.69,0.23,measured_size
91,pedestrian,548,18.65,0.42,,,,1.24,1.63,,0.45,-0.39,1.06,-0.74,0.19,False,0.0,1.76,km/h and m/s^2,telemetry-calibrated ground plane (estimate),0.96,0.33,model_reliable_for_this_class
96,motorcycle,72,6.54,0.37,,,,0.99,1.26,,0.32,-0.4,0.58,-0.82,0.16,False,0.0,1.42,km/h and m/s^2,telemetry-calibrated ground plane (estimate),1.35,0.73,model_reliable_for_this_class
97,car,1615,59.69,0.49,,,,1.49,2.47,,0.57,-0.6,1.64,-1.43,0.27,False,0.0,1.93,km/h and m/s^2,telemetry-calibrated ground plane (estimate),1.98,1.42,measured_size
113,car,403,15.25,14.29,14.29,14.49,16.07,16.6,17.79,3.97,1.32,-1.27,2.54,-5.66,0.58,False,1.0,73.52,km/h and m/s^2,telemetry-calibrated ground plane (estimate),1.29,0.45,measured_size
120,car,242,20.39,1.0,5.94,6.6,7.78,7.75,8.0,1.65,1.7,-0.41,3.52,-1.18,0.39,False,0.12,4.05,km/h and m/s^2,telemetry-calibrated ground plane (estimate),0.99,0.69,measured_size
125,car,362,13.35,17.32,17.32,17.33,20.97,23.12,24.61,4.81,2.53,-2.53,7.41,-8.97,1.01,False,1.0,56.7,km/h and m/s^2,telemetry-calibrated ground plane (estimate),2.56,0.95,measured_size
129,bus,41,1.37,0.43,,,,0.92,0.93,,0.37,-0.58,0.42,-0.62,0.24,False,0.0,2.08,km/h and m/s^2,telemetry-calibrated ground plane (estimate),4.64,2.08,measured_size_large_model_says_bus
133,lgv,665,28.0,0.35,,,,0.99,1.26,,0.49,-0.48,0.96,-0.9,0.22,False,0.0,1.91,km/h and m/s^2,telemetry-calibrated ground plane (estimate),3.21,1.46,measured_size_overrides_model
134,car,437,15.58,16.18,16.18,15.86,18.13,19.36,20.38,4.5,0.91,-1.33,4.0,-3.92,0.5,False,1.0,81.45,km/h and m/s^2,telemetry-calibrated ground plane (estimate),1.29,0.39,measured_size
137,hgv,52,6.44,0.6,,,,1.48,1.55,,0.53,-0.83,0.74,-0.99,0.34,False,0.0,2.52,km/h and m/s^2,telemetry-calibrated ground plane (estimate),5.99,2.2,measured_size_large
138,car,228,7.57,14.7,14.7,15.34,18.7,19.31,19.41,4.08,1.13,-3.3,1.31,-5.11,0.77,False,1.0,80.48,km/h and m/s^2,telemetry-calibrated ground plane (estimate),2.78,0.92,measured_size
139,pedestrian,14,0.43,,,,,,,,0.0,0.0,0.0,0.0,0.0,False,0.0,,km/h and m/s^2,telemetry-calibrated ground plane (estimate),,,model_reliable_for_this_class
146,lgv,60,2.0,0.76,,,,1.31,1.31,,0.58,-0.75,0.74,-0.82,0.34,False,0.0,2.58,km/h and m/s^2,telemetry-calibrated ground plane (estimate),3.12,2.56,measured_size_overrides_model
157,pedestrian,204,7.57,0.58,,,,1.46,1.57,,0.68,-0.59,0.96,-0.84,0.29,False,0.0,2.25,km/h and m/s^2,telemetry-calibrated ground plane (estimate),1.2,0.37,model_reliable_for_this_class
159,lgv,214,26.49,0.39,,,,1.19,2.05,,0.5,-0.48,1.44,-1.5,0.23,False,0.0,1.75,km/h and m/s^2,telemetry-calibrated ground plane (estimate),3.83,3.06,measured_size_overrides_model
160,car,465,23.72,0.97,3.02,3.02,3.02,2.64,3.03,0.84,1.2,-1.18,2.42,-1.83,0.54,False,0.01,5.09,km/h and m/s^2,telemetry-calibrated ground plane (estimate),2.8,2.29,measured_size
166,pedestrian,17,0.53,0.98,,,,1.17,1.17,,0.34,0.0,0.34,0.0,0.18,False,0.0,3.76,km/h and m/s^2,telemetry-calibrated ground plane (estimate),1.49,0.2,model_reliable_for_this_class
171,car,36,1.53,22.06,22.06,20.37,24.83,29.23,29.37,6.13,4.43,-8.28,4.89,-9.68,3.14,False,1.0,62.41,km/h and m/s^2,telemetry-calibrated ground plane (estimate),2.08,0.31,measured_size
177,car,522,19.32,19.65,19.65,20.48,23.5,25.54,30.68,5.46,2.75,-2.44,6.28,-6.62,1.01,False,1.0,90.26,km/h and m/s^2,telemetry-calibrated ground plane (estimate),1.28,0.68,measured_size
179,car,1282,58.56,0.53,,,,1.46,2.5,,0.7,-0.69,2.03,-2.0,0.31,False,0.0,1.76,km/h and m/s^2,telemetry-calibrated ground plane (estimate),2.45,0.86,measured_size
180,pedestrian,58,4.47,0.4,,,,0.81,0.94,,0.36,-0.46,0.47,-0.58,0.2,False,0.0,1.42,km/h and m/s^2,telemetry-calibrated ground plane (estimate),1.8,0.49,model_reliable_for_this_class
186,car,373,12.88,19.31,19.31,19.54,23.3,25.59,26.91,5.36,0.89,-0.78,3.08,-3.35,0.46,False,1.0,98.08,km/h and m/s^2,telemetry-calibrated ground plane (estimate),1.24,0.51,measured_size
188,car,252,8.44,16.82,16.82,17.73,24.98,27.62,27.84,4.67,0.1,-1.47,2.61,-1.68,0.9,False,1.0,92.42,km/h and m/s^2,telemetry-calibrated ground plane (estimate),1.46,0.38,measured_size
189,motorcycle,217,9.78,21.21,21.21,21.51,23.97,28.77,34.76,5.89,5.37,-4.38,11.02,-9.88,2.12,True,1.0,70.41,km/h and m/s^2,telemetry-calibrated ground plane (estimate),1.3,0.56,model_reliable_for_this_class
203,car,20,3.7,1.02,,,,1.76,1.76,,0.09,-0.84,0.12,-0.86,0.37,False,0.0,3.43,km/h and m/s^2,telemetry-calibrated ground plane (estimate),,,model_only_insufficient_geometry
209,pedestrian,23,0.73,0.52,,,,0.86,0.86,,0.61,0.0,0.62,0.0,0.24,False,0.0,1.49,km/h and m/s^2,telemetry-calibrated ground plane (estimate),,,model_reliable_for_this_class
215,motorcycle,127,4.74,8.3,8.3,8.48,8.87,9.91,10.25,2.31,1.07,-1.5,1.53,-2.5,0.54,False,1.0,27.82,km/h and m/s^2,telemetry-calibrated ground plane (estimate),1.38,0.72,model_reliable_for_this_class
217,pedestrian,89,2.94,0.45,,,,1.1,1.11,,0.48,-0.58,0.57,-0.67,0.19,False,0.0,1.92,km/h and m/s^2,telemetry-calibrated ground plane (estimate),1.0,0.32,model_reliable_for_this_class
218,motorcycle,131,7.27,19.62,19.62,19.27,21.68,29.7,44.49,5.45,4.79,-3.99,23.05,-20.74,2.12,True,1.0,64.23,km/h and m/s^2,telemetry-calibrated ground plane (estimate),1.53,0.48,model_reliable_for_this_class
223,car,552,41.48,0.3,,,,0.78,0.85,,0.35,-0.34,0.59,-0.66,0.15,False,0.0,1.62,km/h and m/s^2,telemetry-calibrated ground plane (estimate),1.06,0.9,measured_size
232,car,841,28.03,17.73,18.43,21.67,26.01,29.44,30.15,5.12,1.31,-1.35,8.93,-4.88,0.77,False,0.95,74.49,km/h and m/s^2,telemetry-calibrated ground plane (estimate),2.3,1.56,measured_size
249,car,10,0.37,,,,,,,,0.0,0.0,0.0,0.0,0.0,False,0.0,,km/h and m/s^2,telemetry-calibrated ground plane (estimate),,,model_only_insufficient_geometry
250,pedestrian,40,1.33,1.49,,,,2.17,2.17,,1.48,-0.37,1.57,-0.51,0.42,False,0.0,4.93,km/h and m/s^2,telemetry-calibrated ground plane (estimate),2.42,0.24,model_reliable_for_this_class
269,car,125,5.87,18.06,18.06,17.83,19.45,22.08,26.84,5.02,2.45,-2.63,8.18,-8.63,1.32,False,1.0,55.1,km/h and m/s^2,telemetry-calibrated ground plane (estimate),1.62,0.42,measured_size
271,car,1721,57.72,9.04,12.83,13.69,18.54,23.61,25.44,3.56,1.08,-1.05,3.3,-2.49,0.47,False,0.69,31.23,km/h and m/s^2,telemetry-calibrated ground plane (estimate),2.03,1.23,measured_size
276,motorcycle,10,0.43,,,,,,,,0.0,0.0,0.0,0.0,0.0,False,0.0,,km/h and m/s^2,telemetry-calibrated ground plane (estimate),,,model_reliable_for_this_class
279,car,325,11.38,22.46,22.46,21.62,25.57,26.6,26.87,6.24,1.3,-1.06,4.14,-3.91,0.59,False,1.0,113.36,km/h and m/s^2,telemetry-calibrated ground plane (estimate),1.25,0.49,measured_size
288,bus,30,0.97,0.31,,,,0.51,0.51,,0.07,-0.35,0.1,-0.41,0.11,False,0.0,1.47,km/h and m/s^2,telemetry-calibrated ground plane (estimate),4.71,2.11,measured_size_large_model_says_bus
298,car,36,3.57,0.29,,,,0.8,0.92,,0.35,-0.36,0.63,-0.64,0.11,False,0.0,1.61,km/h and m/s^2,telemetry-calibrated ground plane (estimate),2.21,1.97,measured_size
301,car,12,0.37,,,,,,,,0.0,0.0,0.0,0.0,0.0,False,0.0,,km/h and m/s^2,telemetry-calibrated ground plane (estimate),,,model_only_insufficient_geometry
304,pedestrian,31,1.0,0.81,,,,1.12,1.13,,0.16,-0.48,0.19,-0.5,0.18,False,0.0,3.14,km/h and m/s^2,telemetry-calibrated ground plane (estimate),1.46,0.36,model_reliable_for_this_class
306,car,175,6.31,7.54,7.54,7.54,9.17,11.03,11.12,2.09,1.17,-1.47,1.8,-2.97,0.67,False,1.0,30.69,km/h and m/s^2,telemetry-calibrated ground plane (estimate),1.47,0.62,measured_size
321,car,15,0.47,0.13,,,,0.13,0.13,,0.0,0.0,0.0,0.0,0.0,False,0.0,0.69,km/h and m/s^2,telemetry-calibrated ground plane (estimate),,,model_only_insufficient_geometry
325,motorcycle,552,23.09,13.82,13.82,14.81,18.4,20.21,22.22,3.84,2.68,-2.43,5.63,-5.92,1.06,False,1.0,47.76,km/h and m/s^2,telemetry-calibrated ground plane (estimate),1.46,0.5,model_reliable_for_this_class
327,pedestrian,87,5.61,3.21,3.97,3.55,4.69,5.81,7.94,1.1,1.61,-1.81,2.76,-4.09,0.76,False,0.4,10.91,km/h and m/s^2,telemetry-calibrated ground plane (estimate),1.24,0.23,model_reliable_for_this_class
329,car,424,15.98,22.3,22.3,21.6,25.04,30.69,42.61,6.19,3.21,-3.84,16.09,-21.03,1.29,True,1.0,104.86,km/h and m/s^2,telemetry-calibrated ground plane (estimate),1.37,0.67,measured_size
349,car,1179,52.19,0.48,,,,1.6,2.37,,0.61,-0.55,1.6,-2.0,0.27,False,0.0,1.69,km/h and m/s^2,telemetry-calibrated ground plane (estimate),1.77,1.65,measured_size
351,car,46,1.9,11.09,11.09,11.71,12.79,13.78,13.87,3.08,1.69,-3.48,1.99,-3.62,1.24,False,1.0,66.6,km/h and m/s^2,telemetry-calibrated ground plane (estimate),,,model_only_insufficient_geometry
356,motorcycle,22,0.77,16.2,16.2,16.29,16.59,16.91,16.93,4.5,0.94,-0.55,0.99,-0.6,0.33,False,1.0,49.72,km/h and m/s^2,telemetry-calibrated ground plane (estimate),1.54,0.39,model_reliable_for_this_class
365,car,456,15.72,16.21,16.21,16.31,19.7,20.05,20.13,4.5,0.91,-0.96,2.11,-3.01,0.44,False,1.0,81.25,km/h and m/s^2,telemetry-calibrated ground plane (estimate),1.19,0.69,measured_size
385,pedestrian,17,0.97,1.43,,,,1.82,1.84,,0.01,-0.73,0.07,-0.86,0.38,False,0.0,5.5,km/h and m/s^2,telemetry-calibrated ground plane (estimate),1.55,0.4,model_reliable_for_this_class
386,pedestrian,17,1.9,0.22,,,,0.26,0.26,,0.0,-0.07,0.0,-0.07,0.04,False,0.0,1.04,km/h and m/s^2,telemetry-calibrated ground plane (estimate),2.07,1.15,model_reliable_for_this_class
402,bus,28,1.57,1.35,,,,1.95,2.13,,0.73,-0.08,1.05,-0.4,0.25,False,0.0,6.58,km/h and m/s^2,telemetry-calibrated ground plane (estimate),4.9,2.9,measured_size_large_model_says_bus
415,car,13,0.4,,,,,,,,0.0,0.0,0.0,0.0,0.0,False,0.0,,km/h and m/s^2,telemetry-calibrated ground plane (estimate),,,model_only_insufficient_geometry
417,car,117,8.31,0.25,,,,0.66,0.66,,0.36,-0.41,0.43,-0.54,0.17,False,0.0,1.27,km/h and m/s^2,telemetry-calibrated ground plane (estimate),1.77,0.86,measured_size
425,car,76,2.5,9.02,9.02,9.06,11.44,12.08,12.17,2.51,2.93,-2.32,3.43,-2.79,1.32,False,1.0,53.59,km/h and m/s^2,telemetry-calibrated ground plane (estimate),2.5,1.64,measured_size
427,motorcycle,17,0.53,0.45,,,,0.45,0.45,,0.01,-0.0,0.01,-0.0,0.01,False,0.0,1.76,km/h and m/s^2,telemetry-calibrated ground plane (estimate),1.16,0.38,model_reliable_for_this_class
429,car,26,7.44,0.08,,,,0.14,0.15,,0.05,-0.07,0.06,-0.07,0.03,False,0.0,0.36,km/h and m/s^2,telemetry-calibrated ground plane (estimate),1.88,1.68,measured_size
433,car,38,1.24,0.84,,,,1.26,1.29,,0.61,-0.74,0.65,-0.89,0.31,False,0.0,2.63,km/h and m/s^2,telemetry-calibrated ground plane (estimate),2.91,1.92,measured_size_overrides_model
439,lgv,406,13.55,14.4,14.4,13.43,22.5,23.98,24.03,4.0,1.02,-1.1,2.42,-4.44,0.66,False,1.0,77.29,km/h and m/s^2,telemetry-calibrated ground plane (estimate),3.38,1.28,measured_size_overrides_model
458,car,8,0.23,,,,,,,,0.0,0.0,0.0,0.0,0.0,False,0.0,,km/h and m/s^2,telemetry-calibrated ground plane (estimate),,,model_only_insufficient_geometry
474,pedestrian,331,18.55,2.15,3.84,3.63,4.41,5.25,7.79,1.07,1.16,-1.02,3.25,-3.8,0.51,False,0.39,9.2,km/h and m/s^2,telemetry-calibrated ground plane (estimate),0.93,0.28,model_reliable_for_this_class
480,car,366,14.61,24.8,24.8,24.58,27.81,33.8,37.74,6.89,4.83,-4.01,13.22,-11.74,1.77,True,1.0,115.79,km/h and m/s^2,telemetry-calibrated ground plane (estimate),1.29,0.69,measured_size
481,car,1367,54.55,0.4,,,,0.95,1.13,,0.46,-0.44,0.99,-0.89,0.22,False,0.0,1.95,km/h and m/s^2,telemetry-calibrated ground plane (estimate),1.72,1.06,measured_size
509,car,14,0.43,,,,,,,,0.0,0.0,0.0,0.0,0.0,False,0.0,,km/h and m/s^2,telemetry-calibrated ground plane (estimate),,,model_only_insufficient_geometry
515,car,888,30.16,11.77,13.28,15.3,17.79,20.53,20.75,3.69,1.24,-1.11,7.23,-3.24,0.65,False,0.87,49.65,km/h and m/s^2,telemetry-calibrated ground plane (estimate),2.91,1.23,measured_size
522,car,10,0.3,,,,,,,,0.0,0.0,0.0,0.0,0.0,False,0.0,,km/h and m/s^2,telemetry-calibrated ground plane (estimate),,,model_only_insufficient_geometry
527,pedestrian,31,1.0,0.5,,,,0.76,0.76,,0.46,-0.13,0.51,-0.2,0.14,False,0.0,2.03,km/h and m/s^2,telemetry-calibrated ground plane (estimate),1.71,0.54,model_reliable_for_this_class
553,lgv,33,1.07,0.23,,,,0.36,0.36,,0.14,-0.17,0.15,-0.18,0.08,False,0.0,1.25,km/h and m/s^2,telemetry-calibrated ground plane (estimate),3.09,1.9,measured_size_overrides_model
555,pedestrian,9,0.77,,,,,,,,0.0,0.0,0.0,0.0,0.0,False,0.0,,km/h and m/s^2,telemetry-calibrated ground plane (estimate),,,model_reliable_for_this_class
557,bus,14,0.43,,,,,,,,,,,,,False,0.0,,km/h and m/s^2,telemetry-calibrated ground plane (estimate),,,model_only_insufficient_geometry
563,car,12,1.47,,,,,,,,0.0,0.0,0.0,0.0,0.0,False,0.0,,km/h and m/s^2,telemetry-calibrated ground plane (estimate),,,model_only_insufficient_geometry
564,car,657,23.96,19.34,19.34,20.55,24.15,27.12,31.63,5.37,1.62,-1.81,8.41,-5.99,0.82,False,1.0,82.75,km/h and m/s^2,telemetry-calibrated ground plane (estimate),1.31,0.64,measured_size
578,car,644,24.62,19.49,19.49,20.61,23.62,27.36,37.92,5.41,2.89,-1.36,13.16,-8.73,0.91,True,1.0,85.11,km/h and m/s^2,telemetry-calibrated ground plane (estimate),1.29,0.55,measured_size
583,lgv,86,2.84,9.87,9.87,10.57,11.33,12.12,12.18,2.74,4.06,-0.82,4.68,-1.16,0.98,False,1.0,58.45,km/h and m/s^2,telemetry-calibrated ground plane (estimate),3.87,1.43,measured_size_overrides_model
585,motorcycle,443,16.92,19.58,19.58,18.79,24.0,26.65,31.63,5.44,2.2,-1.36,6.07,-6.12,0.73,False,1.0,72.59,km/h and m/s^2,telemetry-calibrated ground plane (estimate),1.18,0.68,model_reliable_for_this_class
587,lgv,10,0.3,,,,,,,,0.0,0.0,0.0,0.0,0.0,False,0.0,,km/h and m/s^2,telemetry-calibrated ground plane (estimate),,,footprint_fallback_insufficient_geometry
598,car,88,4.0,14.93,14.93,14.79,16.07,18.78,20.08,4.15,2.96,-2.72,3.54,-4.75,1.06,False,1.0,80.36,km/h and m/s^2,telemetry-calibrated ground plane (estimate),1.42,0.34,measured_size
602,pedestrian,35,4.14,6.85,6.85,6.57,7.26,21.84,25.49,1.9,8.05,-11.64,16.49,-20.09,3.06,True,1.0,35.53,km/h and m/s^2,telemetry-calibrated ground plane (estimate),1.21,0.51,model_reliable_for_this_class
603,car,16,0.67,2.84,,,,2.91,2.91,,0.13,0.0,0.13,0.0,0.06,False,0.0,16.2,km/h and m/s^2,telemetry-calibrated ground plane (estimate),,,model_only_insufficient_geometry
606,motorcycle,83,6.44,0.31,,,,0.79,0.79,,0.1,-0.43,0.12,-0.68,0.11,False,0.0,1.12,km/h and m/s^2,telemetry-calibrated ground plane (estimate),1.26,0.69,model_reliable_for_this_class
621,pedestrian,216,7.17,0.38,,,,2.01,2.14,,0.56,-0.61,1.42,-1.45,0.25,False,0.0,1.56,km/h and m/s^2,telemetry-calibrated ground plane (estimate),0.96,0.2,model_reliable_for_this_class
622,lgv,78,2.57,1.37,,,,2.42,2.45,,0.64,-0.15,0.69,-0.22,0.26,False,0.0,7.22,km/h and m/s^2,telemetry-calibrated ground plane (estimate),3.23,1.52,measured_size_overrides_model
627,car,362,13.41,17.99,17.99,18.52,20.54,22.03,24.43,5.0,2.09,-2.74,8.24,-7.72,1.02,False,1.0,58.9,km/h and m/s^2,telemetry-calibrated ground plane (estimate),2.62,0.91,measured_size
631,car,721,26.93,17.65,17.65,17.29,20.84,23.15,36.93,4.9,1.43,-1.28,11.38,-11.84,0.68,True,1.0,75.71,km/h and m/s^2,telemetry-calibrated ground plane (estimate),1.37,0.56,measured_size
637,car,37,3.9,0.09,,,,0.27,0.27,,0.01,-0.21,0.02,-0.22,0.06,False,0.0,0.36,km/h and m/s^2,telemetry-calibrated ground plane (estimate),1.19,0.71,measured_size
648,lgv,8,0.23,,,,,,,,0.0,0.0,0.0,0.0,0.0,False,0.0,,km/h and m/s^2,telemetry-calibrated ground plane (estimate),,,footprint_fallback_insufficient_geometry
654,pedestrian,22,0.7,8.56,8.56,8.42,9.03,9.42,9.43,2.38,0.89,-0.99,0.93,-1.04,0.37,False,1.0,36.22,km/h and m/s^2,telemetry-calibrated ground plane (estimate),1.46,0.48,model_reliable_for_this_class
657,pedestrian,315,10.68,0.55,,,,1.41,1.56,,0.8,-0.7,1.1,-1.13,0.36,False,0.0,1.86,km/h and m/s^2,telemetry-calibrated ground plane (estimate),1.57,0.62,model_reliable_for_this_class
664,pedestrian,258,9.91,1.95,3.33,3.34,3.48,3.35,3.7,0.93,1.48,-1.18,2.53,-1.59,0.67,False,0.05,6.79,km/h and m/s^2,telemetry-calibrated ground plane (estimate),1.35,0.41,model_reliable_for_this_class
681,car,427,18.55,0.23,,,,0.59,0.7,,0.3,-0.35,0.51,-0.5,0.13,False,0.0,1.09,km/h and m/s^2,telemetry-calibrated ground plane (estimate),1.64,1.36,measured_size
683,car,10,0.37,,,,,,,,0.0,0.0,0.0,0.0,0.0,False,0.0,,km/h and m/s^2,telemetry-calibrated ground plane (estimate),,,model_only_insufficient_geometry
693,car,1138,41.58,10.36,12.98,10.88,22.59,31.81,42.38,3.61,2.11,-1.12,26.87,-30.67,0.88,True,0.77,39.98,km/h and m/s^2,telemetry-calibrated ground plane (estimate),2.91,1.68,measured_size
698,car,9,0.27,,,,,,,,0.0,0.0,0.0,0.0,0.0,False,0.0,,km/h and m/s^2,telemetry-calibrated ground plane (estimate),,,model_only_insufficient_geometry
700,bus,14,0.47,,,,,,,,0.0,0.0,0.0,0.0,0.0,False,0.0,,km/h and m/s^2,telemetry-calibrated ground plane (estimate),,,model_only_insufficient_geometry
705,car,76,13.18,0.73,,,,2.51,2.7,,1.9,-1.53,2.35,-1.84,0.72,False,0.0,1.93,km/h and m/s^2,telemetry-calibrated ground plane (estimate),1.34,0.79,measured_size
713,pedestrian,27,0.87,5.17,5.17,5.44,5.83,6.15,6.21,1.44,0.59,-1.67,0.71,-1.8,0.61,False,1.0,26.53,km/h and m/s^2,telemetry-calibrated ground plane (estimate),1.39,0.15,model_reliable_for_this_class
719,lgv,107,12.68,0.2,,,,0.77,0.84,,0.3,-0.23,0.59,-0.43,0.1,False,0.0,0.88,km/h and m/s^2,telemetry-calibrated ground plane (estimate),4.31,1.76,measured_size_overrides_model
722,car,45,2.87,0.79,,,,1.49,1.49,,0.72,-1.11,0.94,-1.13,0.4,False,0.0,2.59,km/h and m/s^2,telemetry-calibrated ground plane (estimate),2.99,2.31,measured_size_overrides_model
742,car,8,0.4,,,,,,,,0.0,0.0,0.0,0.0,0.0,False,0.0,,km/h and m/s^2,telemetry-calibrated ground plane (estimate),,,model_only_insufficient_geometry
748,car,1260,49.75,0.42,5.72,6.04,7.11,1.52,7.15,1.59,0.5,-0.44,6.2,-6.34,0.27,False,0.01,2.02,km/h and m/s^2,telemetry-calibrated ground plane (estimate),2.68,2.1,measured_size
753,pedestrian,83,3.37,0.93,,,,2.77,2.89,,1.73,-1.13,2.62,-2.06,0.62,False,0.0,3.71,km/h and m/s^2,telemetry-calibrated ground plane (estimate),1.78,0.31,model_reliable_for_this_class
765,lgv,20,0.63,4.62,4.62,4.77,4.97,4.97,4.97,1.28,0.71,0.0,0.71,0.0,0.32,False,1.0,23.45,km/h and m/s^2,telemetry-calibrated ground plane (estimate),3.31,1.08,measured_size_overrides_model
766,pedestrian,108,6.61,0.48,,,,1.54,1.57,,0.77,-0.81,1.13,-0.84,0.24,False,0.0,1.45,km/h and m/s^2,telemetry-calibrated ground plane (estimate),1.68,0.28,model_reliable_for_this_class
773,pedestrian,37,1.47,12.53,12.53,12.74,13.71,14.94,15.5,3.48,2.96,-0.75,3.49,-2.36,0.94,False,1.0,49.2,km/h and m/s^2,telemetry-calibrated ground plane (estimate),1.49,0.18,model_reliable_for_this_class
774,car,416,14.65,13.46,15.14,15.99,23.89,26.1,27.05,4.2,2.07,-1.29,3.69,-4.3,0.84,False,0.87,70.3,km/h and m/s^2,telemetry-calibrated ground plane (estimate),1.41,0.31,measured_size
775,car,182,11.65,18.56,18.56,17.74,21.63,32.38,44.22,5.16,12.45,-5.71,21.97,-19.35,3.27,True,1.0,62.25,km/h and m/s^2,telemetry-calibrated ground plane (estimate),1.63,0.42,measured_size
799,motorcycle,8,0.23,,,,,,,,0.0,0.0,0.0,0.0,0.0,False,0.0,,km/h and m/s^2,telemetry-calibrated ground plane (estimate),,,model_reliable_for_this_class
836,pedestrian,88,4.74,1.4,3.58,3.58,3.82,2.72,3.93,0.99,0.83,-0.98,2.97,-1.95,0.46,False,0.02,5.69,km/h and m/s^2,telemetry-calibrated ground plane (estimate),1.23,0.25,model_reliable_for_this_class
860,pedestrian,56,3.14,0.8,,,,2.8,3.0,,1.93,-1.35,2.33,-1.72,0.47,False,0.0,2.89,km/h and m/s^2,telemetry-calibrated ground plane (estimate),1.54,0.57,model_reliable_for_this_class
864,pedestrian,86,5.34,0.33,,,,0.69,0.69,,0.34,-0.12,0.52,-0.2,0.1,False,0.0,1.02,km/h and m/s^2,telemetry-calibrated ground plane (estimate),1.39,0.38,model_reliable_for_this_class
866,pedestrian,150,6.27,0.79,,,,1.88,2.05,,1.04,-1.0,1.24,-1.26,0.4,False,0.0,2.77,km/h and m/s^2,telemetry-calibrated ground plane (estimate),1.52,0.6,model_reliable_for_this_class
869,lgv,392,13.28,10.73,11.49,12.91,19.68,20.58,20.73,3.19,1.11,-0.72,1.23,-2.7,0.52,False,0.92,58.7,km/h and m/s^2,telemetry-calibrated ground plane (estimate),3.16,1.39,measured_size_overrides_model
877,car,62,2.07,10.03,10.03,10.18,13.49,14.07,14.09,2.79,3.68,-2.66,3.99,-2.95,1.83,False,1.0,59.72,km/h and m/s^2,telemetry-calibrated ground plane (estimate),2.46,1.58,measured_size
880,car,381,17.35,24.7,24.7,23.72,27.91,37.26,56.64,6.86,6.53,-5.41,23.61,-21.5,2.23,True,1.0,107.21,km/h and m/s^2,telemetry-calibrated ground plane (estimate),1.32,0.68,measured_size
885,car,245,10.24,0.35,,,,0.67,0.71,,0.35,-0.36,0.48,-0.55,0.17,False,0.0,1.7,km/h and m/s^2,telemetry-calibrated ground plane (estimate),2.74,2.18,measured_size
889,car,33,1.3,4.94,4.94,4.45,6.34,6.97,7.1,1.37,1.82,-2.17,2.26,-2.46,1.01,False,1.0,21.84,km/h and m/s^2,telemetry-calibrated ground plane (estimate),2.09,1.68,measured_size
892,car,15,0.47,0.13,,,,0.13,0.13,,0.0,0.0,0.0,0.0,0.0,False,0.0,0.7,km/h and m/s^2,telemetry-calibrated ground plane (estimate),2.99,1.26,measured_size_overrides_model
895,car,48,1.7,0.86,,,,1.24,1.26,,0.4,-0.51,0.46,-0.6,0.24,False,0.0,2.42,km/h and m/s^2,telemetry-calibrated ground plane (estimate),2.81,2.33,measured_size
899,car,205,8.24,10.17,10.17,10.12,11.63,13.96,17.0,2.83,1.78,-1.72,5.83,-5.39,0.85,False,1.0,47.95,km/h and m/s^2,telemetry-calibrated ground plane (estimate),1.32,0.69,measured_size
901,motorcycle,186,7.14,6.49,6.74,5.56,10.51,11.63,12.31,1.87,2.21,-1.24,3.67,-3.08,0.89,False,0.94,28.61,km/h and m/s^2,telemetry-calibrated ground plane (estimate),1.47,0.33,model_reliable_for_this_class
904,pedestrian,159,7.84,0.4,,,,1.01,1.05,,0.38,-0.52,0.82,-0.62,0.2,False,0.0,1.62,km/h and m/s^2,telemetry-calibrated ground plane (estimate),1.07,0.25,model_reliable_for_this_class
909,pedestrian,87,3.44,0.32,,,,0.47,0.55,,0.18,-0.21,0.26,-0.31,0.1,False,0.0,1.69,km/h and m/s^2,telemetry-calibrated ground plane (estimate),0.54,0.48,model_reliable_for_this_class
913,car,669,23.79,19.82,19.82,20.53,24.4,25.61,36.05,5.51,1.91,-1.81,10.41,-14.8,0.94,True,1.0,84.54,km/h and m/s^2,telemetry-calibrated ground plane (estimate),1.37,0.63,measured_size
915,lgv,999,33.83,10.19,14.93,12.3,28.95,30.36,32.66,4.15,1.55,-1.34,4.89,-6.75,0.69,False,0.65,36.48,km/h and m/s^2,telemetry-calibrated ground plane (estimate),3.03,1.49,measured_size_overrides_model
927,motorcycle,13,0.6,,,,,,,,0.0,0.0,0.0,0.0,0.0,False,0.0,,km/h and m/s^2,telemetry-calibrated ground plane (estimate),,,model_reliable_for_this_class
934,car,607,22.19,21.48,21.48,21.85,25.45,28.3,32.29,5.97,2.24,-1.79,7.26,-11.89,0.96,True,1.0,92.59,km/h and m/s^2,telemetry-calibrated ground plane (estimate),1.39,0.59,measured_size
937,lgv,426,14.21,13.07,13.07,10.89,19.99,23.36,23.74,3.63,0.87,-0.31,1.48,-3.78,0.47,False,1.0,69.8,km/h and m/s^2,telemetry-calibrated ground plane (estimate),3.28,1.41,measured_size_overrides_model
951,pedestrian,96,3.5,9.12,9.12,8.46,10.64,12.33,13.86,2.53,0.62,-1.08,2.53,-3.45,0.53,False,1.0,35.98,km/h and m/s^2,telemetry-calibrated ground plane (estimate),1.48,0.47,model_reliable_for_this_class
961,lgv,31,6.47,0.08,,,,0.14,0.15,,0.06,-0.02,0.09,-0.05,0.02,False,0.0,0.34,km/h and m/s^2,telemetry-calibrated ground plane (estimate),3.37,3.23,measured_size_overrides_model
964,pedestrian,36,2.5,3.47,3.56,3.23,3.78,5.76,6.27,0.99,1.38,-0.24,2.03,-0.97,0.44,False,0.92,12.44,km/h and m/s^2,telemetry-calibrated ground plane (estimate),,,model_reliable_for_this_class
970,car,71,8.14,0.29,,,,0.58,0.62,,0.21,-0.36,0.31,-0.41,0.11,False,0.0,1.48,km/h and m/s^2,telemetry-calibrated ground plane (estimate),2.13,1.99,measured_size
974,car,8,0.23,,,,,,,,0.0,0.0,0.0,0.0,0.0,False,0.0,,km/h and m/s^2,telemetry-calibrated ground plane (estimate),,,model_only_insufficient_geometry
977,pedestrian,28,1.2,4.26,4.26,4.43,5.38,5.88,5.89,1.18,1.31,-2.35,1.35,-2.4,0.88,False,1.0,14.75,km/h and m/s^2,telemetry-calibrated ground plane (estimate),1.19,0.11,model_reliable_for_this_class
984,car,285,14.05,13.9,14.31,16.31,18.84,20.71,22.81,3.98,2.71,-3.39,6.75,-7.73,1.34,False,0.96,49.55,km/h and m/s^2,telemetry-calibrated ground plane (estimate),1.26,0.78,measured_size
987,car,23,0.93,0.46,,,,0.79,0.84,,0.48,-0.06,0.58,-0.17,0.19,False,0.0,2.09,km/h and m/s^2,telemetry-calibrated ground plane (estimate),2.45,1.35,measured_size
1001,car,92,6.71,24.83,24.83,23.88,27.16,41.58,47.11,6.9,7.99,-5.76,19.92,-23.2,3.44,True,1.0,85.04,km/h and m/s^2,telemetry-calibrated ground plane (estimate),1.07,0.74,measured_size
1007,pedestrian,13,0.4,,,,,,,,0.0,0.0,0.0,0.0,0.0,False,0.0,,km/h and m/s^2,telemetry-calibrated ground plane (estimate),,,model_reliable_for_this_class
1025,lgv,1284,44.31,6.2,7.5,6.9,9.66,15.45,15.84,2.08,0.99,-1.09,7.02,-6.37,0.49,False,0.79,25.41,km/h and m/s^2,telemetry-calibrated ground plane (estimate),3.08,1.47,measured_size_overrides_model
1031,lgv,8,0.23,,,,,,,,0.0,0.0,0.0,0.0,0.0,False,0.0,,km/h and m/s^2,telemetry-calibrated ground plane (estimate),,,footprint_fallback_insufficient_geometry
1040,car,153,6.37,0.25,,,,0.64,0.68,,0.39,-0.35,0.5,-0.53,0.14,False,0.0,0.97,km/h and m/s^2,telemetry-calibrated ground plane (estimate),1.2,1.01,measured_size
1059,motorcycle,8,0.83,,,,,,,,0.0,0.0,0.0,0.0,0.0,False,0.0,,km/h and m/s^2,telemetry-calibrated ground plane (estimate),,,model_reliable_for_this_class
1078,pedestrian,17,0.67,2.29,,,,2.42,2.42,,0.25,0.0,0.25,0.0,0.13,False,0.0,11.01,km/h and m/s^2,telemetry-calibrated ground plane (estimate),0.94,0.45,model_reliable_for_this_class
1080,car,323,14.55,30.36,30.36,29.03,34.63,47.87,63.08,8.43,10.14,-10.15,25.34,-28.6,3.61,True,1.0,130.95,km/h and m/s^2,telemetry-calibrated ground plane (estimate),1.44,0.66,measured_size
1084,pedestrian,192,12.78,0.28,,,,0.78,1.15,,0.28,-0.31,0.79,-0.65,0.13,False,0.0,1.12,km/h and m/s^2,telemetry-calibrated ground plane (estimate),1.22,0.69,model_reliable_for_this_class
1086,motorcycle,42,2.87,0.28,,,,0.49,0.49,,0.05,-0.25,0.05,-0.3,0.07,False,0.0,1.02,km/h and m/s^2,telemetry-calibrated ground plane (estimate),1.3,0.74,model_reliable_for_this_class
1089,lgv,8,0.23,,,,,,,,0.0,0.0,0.0,0.0,0.0,False,0.0,,km/h and m/s^2,telemetry-calibrated ground plane (estimate),,,footprint_fallback_insufficient_geometry
1091,motorcycle,249,9.94,16.66,16.66,16.68,18.84,22.39,27.24,4.63,4.37,-3.01,9.44,-9.24,1.53,False,1.0,52.35,km/h and m/s^2,telemetry-calibrated ground plane (estimate),1.62,0.53,model_reliable_for_this_class
1094,car,340,11.55,14.69,14.69,13.86,19.13,20.45,21.05,4.08,0.95,-0.75,2.1,-3.5,0.5,False,1.0,78.45,km/h and m/s^2,telemetry-calibrated ground plane (estimate),1.3,0.41,measured_size
1095,lgv,460,15.91,31.84,31.84,31.79,36.03,37.37,39.38,8.85,2.28,-1.41,12.27,-4.94,1.02,True,1.0,133.29,km/h and m/s^2,telemetry-calibrated ground plane (estimate),3.71,2.13,measured_size_overrides_model
1100,car,126,5.51,22.25,22.25,22.96,23.79,24.87,27.63,6.18,2.61,-2.12,5.76,-6.63,0.99,False,1.0,127.79,km/h and m/s^2,telemetry-calibrated ground plane (estimate),1.73,1.21,measured_size
1109,hgv,17,0.53,27.82,27.82,27.82,27.86,27.86,27.86,7.73,0.0,-0.09,0.0,-0.09,0.05,False,1.0,165.27,km/h and m/s^2,telemetry-calibrated ground plane (estimate),5.22,1.18,measured_size_large
1111,lgv,696,24.76,19.86,19.86,21.13,25.7,29.88,33.02,5.52,2.21,-1.41,7.09,-5.45,0.85,False,1.0,81.79,km/h and m/s^2,telemetry-calibrated ground plane (estimate),3.12,1.94,measured_size_overrides_model
1131,car,470,15.65,32.37,32.37,33.28,35.24,38.06,38.34,8.99,1.51,-1.58,11.21,-6.89,0.87,True,1.0,135.13,km/h and m/s^2,telemetry-calibrated ground plane (estimate),2.61,1.82,measured_size
1142,pedestrian,17,0.53,1.21,,,,1.24,1.24,,0.0,-0.04,0.0,-0.04,0.02,False,0.0,3.74,km/h and m/s^2,telemetry-calibrated ground plane (estimate),1.33,0.15,model_reliable_for_this_class
1144,pedestrian,283,9.41,0.54,,,,1.29,1.4,,0.5,-0.63,0.83,-1.18,0.25,False,0.0,1.91,km/h and m/s^2,telemetry-calibrated ground plane (estimate),1.04,0.36,model_reliable_for_this_class
1149,lgv,8,0.27,,,,,,,,0.0,0.0,0.0,0.0,0.0,False,0.0,,km/h and m/s^2,telemetry-calibrated ground plane (estimate),,,footprint_fallback_insufficient_geometry
1150,pedestrian,57,1.87,1.52,,,,2.69,2.73,,1.06,-1.68,1.2,-1.79,0.63,False,0.0,4.53,km/h and m/s^2,telemetry-calibrated ground plane (estimate),1.85,0.62,model_reliable_for_this_class
1151,pedestrian,10,0.3,,,,,,,,0.0,0.0,0.0,0.0,0.0,False,0.0,,km/h and m/s^2,telemetry-calibrated ground plane (estimate),,,model_reliable_for_this_class
1154,car,79,3.14,14.11,14.11,14.41,16.38,16.57,16.62,3.92,2.0,-4.61,2.3,-5.26,1.37,False,1.0,82.73,km/h and m/s^2,telemetry-calibrated ground plane (estimate),,,model_only_insufficient_geometry
1155,car,64,10.01,0.28,,,,1.01,1.19,,0.36,-0.38,0.9,-0.79,0.14,False,0.0,1.08,km/h and m/s^2,telemetry-calibrated ground plane (estimate),1.08,0.76,measured_size
1160,pedestrian,185,7.51,1.57,3.77,3.97,4.03,4.03,4.19,1.05,1.81,-2.53,3.84,-3.63,0.98,False,0.14,6.31,km/h and m/s^2,telemetry-calibrated ground plane (estimate),1.66,0.36,model_reliable_for_this_class
1163,motorcycle,68,4.3,23.19,23.19,22.03,27.74,37.37,43.38,6.44,11.57,-5.9,22.43,-19.33,3.85,True,1.0,83.63,km/h and m/s^2,telemetry-calibrated ground plane (estimate),1.5,0.49,model_reliable_for_this_class
1168,car,10,0.33,,,,,,,,0.0,0.0,0.0,0.0,0.0,False,0.0,,km/h and m/s^2,telemetry-calibrated ground plane (estimate),,,model_only_insufficient_geometry
1181,car,143,9.18,0.31,,,,0.86,0.92,,0.34,-0.34,0.64,-0.51,0.14,False,0.0,1.38,km/h and m/s^2,telemetry-calibrated ground plane (estimate),1.57,1.17,measured_size
1189,lgv,770,25.79,19.27,19.27,19.57,21.33,22.67,24.88,5.35,0.71,-1.22,4.62,-3.18,0.49,False,1.0,80.43,km/h and m/s^2,telemetry-calibrated ground plane (estimate),3.88,2.32,measured_size_overrides_model
1190,pedestrian,51,2.3,0.88,,,,2.51,2.52,,1.84,-1.56,1.94,-1.75,0.69,False,0.0,2.72,km/h and m/s^2,telemetry-calibrated ground plane (estimate),1.87,0.42,model_reliable_for_this_class
1191,pedestrian,43,1.4,2.7,3.83,3.87,4.28,4.33,4.35,1.06,1.82,-1.67,1.97,-1.72,0.88,False,0.35,10.09,km/h and m/s^2,telemetry-calibrated ground plane (estimate),1.28,0.14,model_reliable_for_this_class
1194,car,12,0.37,,,,,,,,0.0,0.0,0.0,0.0,0.0,False,0.0,,km/h and m/s^2,telemetry-calibrated ground plane (estimate),,,model_only_insufficient_geometry
1196,pedestrian,11,0.33,,,,,,,,0.0,0.0,0.0,0.0,0.0,False,0.0,,km/h and m/s^2,telemetry-calibrated ground plane (estimate),,,model_reliable_for_this_class
1199,motorcycle,261,11.88,10.32,11.04,9.97,15.17,23.75,30.26,3.07,2.3,-2.65,13.2,-7.83,1.2,True,0.92,44.21,km/h and m/s^2,telemetry-calibrated ground plane (estimate),1.35,0.66,model_reliable_for_this_class
1202,hgv,114,4.0,15.65,15.65,14.83,19.75,21.2,21.24,4.35,4.07,-3.33,5.61,-4.57,1.52,False,1.0,90.41,km/h and m/s^2,telemetry-calibrated ground plane (estimate),4.71,0.99,measured_size_large
1203,pedestrian,235,7.81,0.59,,,,1.9,2.12,,0.72,-0.51,1.25,-1.87,0.32,False,0.0,2.04,km/h and m/s^2,telemetry-calibrated ground plane (estimate),1.59,0.63,model_reliable_for_this_class
1226,pedestrian,199,7.61,0.73,3.65,3.7,3.98,3.71,4.02,1.01,0.98,-1.05,3.14,-2.97,0.45,False,0.05,2.97,km/h and m/s^2,telemetry-calibrated ground plane (estimate),0.99,0.28,model_reliable_for_this_class
1240,motorcycle,10,0.3,,,,,,,,0.0,0.0,0.0,0.0,0.0,False,0.0,,km/h and m/s^2,telemetry-calibrated ground plane (estimate),,,model_reliable_for_this_class
1262,car,127,4.37,24.1,24.1,24.85,26.41,27.31,27.69,6.7,2.88,-1.89,3.07,-2.89,0.94,False,1.0,136.32,km/h and m/s^2,telemetry-calibrated ground plane (estimate),1.47,0.25,measured_size
1274,pedestrian,20,0.63,2.45,,,,2.76,2.76,,0.0,-0.62,0.0,-0.62,0.28,False,0.0,8.78,km/h and m/s^2,telemetry-calibrated ground plane (estimate),1.38,0.24,model_reliable_for_this_class
1285,car,126,4.37,17.92,17.92,18.0,19.77,20.9,21.87,4.98,2.97,-1.85,3.47,-4.07,0.74,False,1.0,101.26,km/h and m/s^2,telemetry-calibrated ground plane (estimate),,,model_only_insufficient_geometry
1286,car,8,0.63,,,,,,,,0.0,0.0,0.0,0.0,0.0,False,0.0,,km/h and m/s^2,telemetry-calibrated ground plane (estimate),,,model_only_insufficient_geometry
1287,car,656,28.03,7.01,14.31,15.67,20.09,21.73,22.69,3.98,1.16,-0.61,4.49,-3.83,0.48,False,0.47,37.84,km/h and m/s^2,telemetry-calibrated ground plane (estimate),2.25,0.92,measured_size
1293,car,1121,37.44,9.99,12.46,13.72,16.93,22.19,23.41,3.46,1.26,-0.86,4.37,-1.95,0.5,False,0.79,34.98,km/h and m/s^2,telemetry-calibrated ground plane (estimate),2.5,1.99,measured_size
1305,car,43,1.5,0.85,,,,2.02,2.08,,1.52,-0.19,1.69,-0.27,0.39,False,0.0,2.57,km/h and m/s^2,telemetry-calibrated ground plane (estimate),2.78,1.89,measured_size
1315,car,28,2.17,13.56,13.56,14.91,15.51,20.05,21.06,3.77,3.53,-9.15,5.41,-11.03,2.78,True,1.0,80.02,km/h and m/s^2,telemetry-calibrated ground plane (estimate),,,model_only_insufficient_geometry
1318,pedestrian,27,0.87,2.86,4.36,4.75,4.75,4.75,4.75,1.21,2.74,0.0,2.9,0.0,1.1,False,0.48,10.09,km/h and m/s^2,telemetry-calibrated ground plane (estimate),2.09,0.15,model_reliable_for_this_class
1319,car,21,1.17,1.36,,,,1.6,1.6,,1.15,-1.13,1.2,-1.18,0.46,False,0.0,6.63,km/h and m/s^2,telemetry-calibrated ground plane (estimate),1.99,1.4,measured_size
1324,motorcycle,133,5.41,0.3,,,,0.76,0.78,,0.48,-0.49,0.61,-0.52,0.21,False,0.0,1.03,km/h and m/s^2,telemetry-calibrated ground plane (estimate),1.37,0.55,model_reliable_for_this_class
1347,motorcycle,106,4.47,13.85,13.85,14.58,17.15,19.54,22.56,3.85,1.8,-3.09,6.35,-5.3,1.4,False,1.0,47.51,km/h and m/s^2,telemetry-calibrated ground plane (estimate),1.55,0.48,model_reliable_for_this_class
1348,pedestrian,30,0.97,1.4,,,,2.4,2.44,,0.29,-1.76,0.37,-1.87,0.57,False,0.0,4.35,km/h and m/s^2,telemetry-calibrated ground plane (estimate),1.61,0.39,model_reliable_for_this_class
1356,car,8,0.5,,,,,,,,0.0,0.0,0.0,0.0,0.0,False,0.0,,km/h and m/s^2,telemetry-calibrated ground plane (estimate),,,model_only_insufficient_geometry
1385,pedestrian,46,1.5,0.34,,,,0.87,0.88,,0.5,-0.55,0.53,-0.59,0.22,False,0.0,1.24,km/h and m/s^2,telemetry-calibrated ground plane (estimate),1.05,0.48,model_reliable_for_this_class
1392,car,597,19.89,24.88,24.88,26.32,32.46,36.08,37.05,6.91,1.27,-1.65,9.1,-5.17,0.91,False,1.0,104.63,km/h and m/s^2,telemetry-calibrated ground plane (estimate),2.93,2.0,measured_size
1402,car,55,1.83,0.34,,,,0.65,0.66,,0.43,-0.38,0.49,-0.4,0.16,False,0.0,0.98,km/h and m/s^2,telemetry-calibrated ground plane (estimate),2.94,2.43,measured_size_overrides_model
1407,car,436,14.58,9.9,9.9,10.39,12.17,12.43,12.76,2.75,0.48,-0.89,1.6,-1.26,0.32,False,1.0,53.34,km/h and m/s^2,telemetry-calibrated ground plane (estimate),1.52,0.38,measured_size
1416,car,318,10.74,16.81,16.81,17.66,21.28,21.9,21.97,4.67,1.48,-1.0,3.36,-4.82,0.63,False,1.0,90.08,km/h and m/s^2,telemetry-calibrated ground plane (estimate),2.96,1.28,measured_size
1424,car,23,1.33,0.48,,,,0.91,0.91,,0.07,-0.67,0.08,-0.68,0.26,False,0.0,2.26,km/h and m/s^2,telemetry-calibrated ground plane (estimate),2.16,1.81,measured_size
1428,pedestrian,16,0.5,3.9,3.9,3.9,4.14,4.14,4.14,1.08,0.5,0.0,0.5,0.0,0.26,False,1.0,12.06,km/h and m/s^2,telemetry-calibrated ground plane (estimate),2.16,0.75,model_reliable_for_this_class
1434,car,10,0.3,,,,,,,,0.0,0.0,0.0,0.0,0.0,False,0.0,,km/h and m/s^2,telemetry-calibrated ground plane (estimate),,,model_only_insufficient_geometry
1444,car,15,0.53,9.8,9.8,9.8,9.8,9.8,9.8,2.72,0.0,0.0,0.0,0.0,0.0,False,1.0,60.26,km/h and m/s^2,telemetry-calibrated ground plane (estimate),,,model_only_insufficient_geometry
1446,pedestrian,36,1.6,3.62,3.62,3.27,4.28,5.25,5.65,1.0,1.02,-1.52,1.3,-2.38,0.6,False,1.0,12.35,km/h and m/s^2,telemetry-calibrated ground plane (estimate),1.64,0.1,model_reliable_for_this_class
1451,pedestrian,47,2.54,3.55,3.97,3.75,4.33,5.39,5.47,1.1,1.16,-0.81,1.38,-1.25,0.49,False,0.7,14.88,km/h and m/s^2,telemetry-calibrated ground plane (estimate),1.13,0.07,model_reliable_for_this_class
1459,pedestrian,162,7.74,0.65,,,,2.24,2.24,,1.14,-0.51,1.51,-1.24,0.34,False,0.0,2.6,km/h and m/s^2,telemetry-calibrated ground plane (estimate),1.39,0.57,model_reliable_for_this_class
1467,car,599,23.76,13.42,13.42,15.79,18.98,22.92,27.94,3.73,2.05,-1.69,6.46,-8.28,0.98,False,1.0,48.65,km/h and m/s^2,telemetry-calibrated ground plane (estimate),1.47,0.57,measured_size
1482,car,21,1.34,0.43,,,,0.51,0.52,,0.19,-0.02,0.2,-0.03,0.08,False,0.0,2.28,km/h and m/s^2,telemetry-calibrated ground plane (estimate),1.69,1.3,measured_size
1490,lgv,145,10.31,1.34,3.6,3.68,3.89,3.88,4.37,1.0,2.01,-1.61,3.14,-3.52,0.85,False,0.08,7.12,km/h and m/s^2,telemetry-calibrated ground plane (estimate),3.07,2.52,measured_size_overrides_model
1503,bus,8,0.23,,,,,,,,,,,,,False,0.0,,km/h and m/s^2,telemetry-calibrated ground plane (estimate),,,model_only_insufficient_geometry
1507,pedestrian,9,0.27,,,,,,,,0.0,0.0,0.0,0.0,0.0,False,0.0,,km/h and m/s^2,telemetry-calibrated ground plane (estimate),,,model_reliable_for_this_class
1553,pedestrian,31,1.0,0.33,,,,0.39,0.4,,0.02,-0.14,0.03,-0.16,0.05,False,0.0,1.49,km/h and m/s^2,telemetry-calibrated ground plane (estimate),1.0,0.66,model_reliable_for_this_class
1554,car,224,12.25,0.41,,,,0.88,0.97,,0.45,-0.46,0.63,-0.6,0.17,False,0.0,1.64,km/h and m/s^2,telemetry-calibrated ground plane (estimate),1.19,0.94,measured_size
1557,lgv,19,0.67,11.32,11.32,11.44,11.47,11.74,11.74,3.14,0.26,-0.63,0.28,-0.72,0.24,False,1.0,54.56,km/h and m/s^2,telemetry-calibrated ground plane (estimate),3.13,1.13,measured_size_overrides_model
1563,car,63,5.11,0.41,,,,0.65,0.73,,0.38,-0.27,0.46,-0.39,0.15,False,0.0,2.02,km/h and m/s^2,telemetry-calibrated ground plane (estimate),2.13,2.07,measured_size
1573,car,10,0.37,,,,,,,,0.0,0.0,0.0,0.0,0.0,False,0.0,,km/h and m/s^2,telemetry-calibrated ground plane (estimate),,,model_only_insufficient_geometry
1581,motorcycle,26,1.67,2.79,3.84,3.83,4.01,4.07,4.2,1.07,1.08,-0.78,1.34,-1.04,0.46,False,0.23,15.44,km/h and m/s^2,telemetry-calibrated ground plane (estimate),1.01,0.9,model_reliable_for_this_class
1594,pedestrian,43,1.4,4.71,5.14,4.92,6.12,6.43,6.43,1.43,1.42,-1.67,1.48,-1.76,0.93,False,0.81,15.61,km/h and m/s^2,telemetry-calibrated ground plane (estimate),1.96,0.22,model_reliable_for_this_class
1600,hgv,38,1.23,0.55,,,,0.69,0.69,,0.2,-0.25,0.2,-0.26,0.11,False,0.0,2.63,km/h and m/s^2,telemetry-calibrated ground plane (estimate),4.92,1.96,measured_size_large
1601,car,294,10.18,16.62,16.62,16.74,19.26,20.82,21.49,4.62,1.27,-1.8,3.08,-3.86,0.74,False,1.0,56.72,km/h and m/s^2,telemetry-calibrated ground plane (estimate),1.49,0.83,measured_size
1619,hgv,118,5.1,15.95,15.95,16.78,18.57,20.36,22.32,4.43,6.24,-4.03,8.04,-6.1,1.99,False,1.0,91.28,km/h and m/s^2,telemetry-calibrated ground plane (estimate),5.04,1.21,measured_size_large
1622,car,414,14.38,23.53,23.53,23.33,27.77,29.67,29.73,6.54,1.64,-1.4,4.12,-5.07,0.71,False,1.0,110.06,km/h and m/s^2,telemetry-calibrated ground plane (estimate),1.28,0.61,measured_size
1654,car,661,23.59,18.04,19.28,19.82,27.62,30.82,33.7,5.35,2.03,-1.73,8.97,-10.88,1.06,True,0.93,78.9,km/h and m/s^2,telemetry-calibrated ground plane (estimate),1.21,0.59,measured_size
1663,lgv,16,0.5,0.1,,,,0.11,0.11,,0.0,-0.02,0.0,-0.02,0.01,False,0.0,0.28,km/h and m/s^2,telemetry-calibrated ground plane (estimate),3.13,1.89,measured_size_overrides_model
1668,car,323,11.08,16.57,16.57,17.71,21.68,23.61,23.81,4.6,1.37,-0.43,2.49,-7.66,0.69,False,1.0,88.81,km/h and m/s^2,telemetry-calibrated ground plane (estimate),2.96,1.55,measured_size
1676,pedestrian,16,0.83,3.37,3.37,3.37,3.7,3.7,3.7,0.94,0.0,-0.68,0.0,-0.68,0.35,False,1.0,12.47,km/h and m/s^2,telemetry-calibrated ground plane (estimate),,,model_reliable_for_this_class
1686,motorcycle,136,4.54,16.65,16.65,16.84,20.23,21.8,21.9,4.63,1.83,-2.14,2.44,-3.17,0.93,False,1.0,95.53,km/h and m/s^2,telemetry-calibrated ground plane (estimate),,,model_reliable_for_this_class
1690,lgv,33,1.17,0.48,,,,1.0,1.0,,0.09,-0.73,0.14,-0.81,0.21,False,0.0,1.64,km/h and m/s^2,telemetry-calibrated ground plane (estimate),3.17,2.56,measured_size_overrides_model
1712,pedestrian,81,3.3,4.05,4.06,4.06,4.21,5.92,6.36,1.13,1.02,-1.1,2.13,-2.15,0.45,False,0.99,16.74,km/h and m/s^2,telemetry-calibrated ground plane (estimate),1.08,0.26,model_reliable_for_this_class
1717,car,37,1.2,17.31,17.31,17.16,19.08,19.44,19.49,4.81,2.28,-3.5,2.43,-3.67,1.51,False,1.0,104.15,km/h and m/s^2,telemetry-calibrated ground plane (estimate),,,model_only_insufficient_geometry
1722,car,12,0.43,,,,,,,,0.0,0.0,0.0,0.0,0.0,False,0.0,,km/h and m/s^2,telemetry-calibrated ground plane (estimate),,,model_only_insufficient_geometry
1732,hgv,87,9.61,1.06,4.32,4.47,4.47,4.47,4.47,1.2,1.34,-2.49,1.86,-3.14,0.75,False,0.11,4.44,km/h and m/s^2,telemetry-calibrated ground plane (estimate),7.46,4.9,measured_size_large
1734,car,836,29.1,14.9,14.9,15.04,16.91,17.97,20.68,4.14,1.11,-1.09,4.41,-6.28,0.52,False,1.0,64.79,km/h and m/s^2,telemetry-calibrated ground plane (estimate),1.42,0.64,measured_size
1752,pedestrian,21,1.2,3.19,3.44,3.47,3.49,3.59,3.6,0.95,0.11,-0.62,0.12,-0.64,0.25,False,0.62,15.95,km/h and m/s^2,telemetry-calibrated ground plane (estimate),0.73,0.33,model_reliable_for_this_class
1760,lgv,62,2.34,0.7,,,,1.56,1.58,,0.96,-0.88,1.07,-1.42,0.4,False,0.0,2.17,km/h and m/s^2,telemetry-calibrated ground plane (estimate),3.03,2.61,measured_size_overrides_model
1767,pedestrian,60,1.97,2.54,3.59,3.61,3.82,3.83,3.88,1.0,1.25,-0.12,1.31,-0.24,0.46,False,0.52,9.76,km/h and m/s^2,telemetry-calibrated ground plane (estimate),1.42,0.68,model_reliable_for_this_class
1776,lgv,8,0.23,,,,,,,,0.0,0.0,0.0,0.0,0.0,False,0.0,,km/h and m/s^2,telemetry-calibrated ground plane (estimate),,,footprint_fallback_insufficient_geometry
1780,pedestrian,10,0.3,,,,,,,,0.0,0.0,0.0,0.0,0.0,False,0.0,,km/h and m/s^2,telemetry-calibrated ground plane (estimate),,,model_reliable_for_this_class
1789,car,11,1.57,,,,,,,,0.0,0.0,0.0,0.0,0.0,False,0.0,,km/h and m/s^2,telemetry-calibrated ground plane (estimate),,,model_only_insufficient_geometry
1793,motorcycle,317,10.64,1.64,4.43,4.2,5.5,5.55,5.77,1.23,2.26,-1.64,2.93,-3.13,0.74,False,0.18,5.76,km/h and m/s^2,telemetry-calibrated ground plane (estimate),1.55,0.9,model_reliable_for_this_class
1795,lgv,10,0.3,,,,,,,,0.0,0.0,0.0,0.0,0.0,False,0.0,,km/h and m/s^2,telemetry-calibrated ground plane (estimate),,,footprint_fallback_insufficient_geometry
1796,pedestrian,513,22.09,10.29,13.59,12.29,23.2,28.18,37.29,3.78,4.8,-3.94,13.94,-17.02,1.6,True,0.72,38.89,km/h and m/s^2,telemetry-calibrated ground plane (estimate),1.53,0.56,model_reliable_for_this_class
1798,pedestrian,17,1.53,2.53,,,,2.81,2.81,,0.52,0.0,0.52,0.0,0.28,False,0.0,9.4,km/h and m/s^2,telemetry-calibrated ground plane (estimate),,,model_reliable_for_this_class
1799,pedestrian,28,0.9,1.71,,,,2.53,2.53,,0.85,-1.78,1.01,-1.94,0.59,False,0.0,6.87,km/h and m/s^2,telemetry-calibrated ground plane (estimate),1.53,0.5,model_reliable_for_this_class
1802,car,192,6.37,22.04,22.04,22.38,28.65,28.93,28.97,6.12,1.24,-1.74,3.49,-3.34,0.97,False,1.0,122.12,km/h and m/s^2,telemetry-calibrated ground plane (estimate),1.94,1.05,measured_size
1805,lgv,8,0.23,,,,,,,,0.0,0.0,0.0,0.0,0.0,False,0.0,,km/h and m/s^2,telemetry-calibrated ground plane (estimate),,,footprint_fallback_insufficient_geometry
1810,car,315,13.85,18.05,18.05,19.47,22.63,26.9,28.41,5.01,2.68,-2.44,7.22,-7.99,1.2,False,1.0,62.36,km/h and m/s^2,telemetry-calibrated ground plane (estimate),1.22,0.68,measured_size
1815,car,33,1.07,19.93,19.93,20.55,22.51,23.27,23.43,5.53,2.29,-5.1,2.65,-5.57,2.14,False,1.0,120.05,km/h and m/s^2,telemetry-calibrated ground plane (estimate),,,model_only_insufficient_geometry
1819,car,40,4.37,0.67,,,,2.34,2.89,,1.03,-1.52,1.91,-2.48,0.44,False,0.0,3.27,km/h and m/s^2,telemetry-calibrated ground plane (estimate),2.56,2.02,measured_size
1825,bus,37,1.27,0.59,,,,1.15,1.15,,0.84,-0.09,0.89,-0.13,0.24,False,0.0,2.9,km/h and m/s^2,telemetry-calibrated ground plane (estimate),4.71,2.36,measured_size_large_model_says_bus
1827,car,800,27.33,14.34,14.34,13.19,19.89,22.32,24.21,3.98,0.95,-1.15,6.71,-7.4,0.59,False,1.0,55.01,km/h and m/s^2,telemetry-calibrated ground plane (estimate),1.67,1.16,measured_size
1850,pedestrian,35,4.44,0.41,,,,0.93,0.95,,0.77,-0.26,0.8,-0.29,0.24,False,0.0,2.13,km/h and m/s^2,telemetry-calibrated ground plane (estimate),2.55,1.77,model_reliable_for_this_class
1858,car,18,0.6,0.17,,,,0.23,0.23,,0.1,0.0,0.1,0.0,0.05,False,0.0,0.69,km/h and m/s^2,telemetry-calibrated ground plane (estimate),1.29,0.66,measured_size
1859,lgv,379,21.82,0.34,,,,0.93,1.14,,0.47,-0.47,0.99,-0.69,0.21,False,0.0,1.86,km/h and m/s^2,telemetry-calibrated ground plane (estimate),3.11,1.4,measured_size_overrides_model
1864,car,235,8.38,16.83,16.83,18.18,19.87,20.9,21.8,4.68,1.89,-2.16,3.39,-4.57,0.83,False,1.0,93.57,km/h and m/s^2,telemetry-calibrated ground plane (estimate),1.5,0.27,measured_size
1877,pedestrian,88,3.84,2.61,3.66,3.56,4.31,4.41,4.5,1.02,1.75,-1.61,2.45,-1.81,0.75,False,0.38,7.04,km/h and m/s^2,telemetry-calibrated ground plane (estimate),1.67,0.54,model_reliable_for_this_class
1882,motorcycle,268,9.74,6.77,10.64,12.57,15.06,16.25,16.34,2.96,1.68,-1.24,2.15,-2.79,0.78,False,0.56,27.24,km/h and m/s^2,telemetry-calibrated ground plane (estimate),1.46,0.48,model_reliable_for_this_class
1884,car,12,0.53,,,,,,,,0.0,0.0,0.0,0.0,0.0,False,0.0,,km/h and m/s^2,telemetry-calibrated ground plane (estimate),,,model_only_insufficient_geometry
1885,car,183,14.01,2.33,3.84,3.53,4.51,5.41,7.07,1.07,1.93,-1.48,3.92,-3.36,0.67,False,0.32,11.01,km/h and m/s^2,telemetry-calibrated ground plane (estimate),1.15,0.54,measured_size
1891,car,14,0.43,,,,,,,,0.0,0.0,0.0,0.0,0.0,False,0.0,,km/h and m/s^2,telemetry-calibrated ground plane (estimate),,,model_only_insufficient_geometry
1892,pedestrian,10,0.3,,,,,,,,0.0,0.0,0.0,0.0,0.0,False,0.0,,km/h and m/s^2,telemetry-calibrated ground plane (estimate),,,model_reliable_for_this_class
1895,car,96,3.44,0.44,,,,1.1,1.13,,0.63,-0.72,0.75,-0.78,0.27,False,0.0,1.25,km/h and m/s^2,telemetry-calibrated ground plane (estimate),2.95,2.39,measured_size_overrides_model
1896,car,430,16.55,17.57,17.57,14.76,28.06,28.77,28.88,4.88,2.22,-3.0,10.05,-13.59,1.08,True,1.0,89.48,km/h and m/s^2,telemetry-calibrated ground plane (estimate),1.48,0.61,measured_size
1900,car,31,1.03,16.83,16.83,16.57,18.56,19.01,19.09,4.67,2.17,-3.5,2.32,-3.65,1.6,False,1.0,100.79,km/h and m/s^2,telemetry-calibrated ground plane (estimate),1.83,0.35,measured_size
1902,pedestrian,102,3.37,0.47,,,,1.12,1.14,,0.66,-0.58,0.82,-0.81,0.28,False,0.0,1.41,km/h and m/s^2,telemetry-calibrated ground plane (estimate),1.92,0.35,model_reliable_for_this_class
1903,motorcycle,264,9.78,4.48,5.09,5.16,6.48,6.93,7.05,1.41,1.16,-0.7,1.6,-1.62,0.47,False,0.82,19.32,km/h and m/s^2,telemetry-calibrated ground plane (estimate),1.4,0.45,model_reliable_for_this_class
1906,car,664,23.89,20.45,20.45,20.51,23.62,25.85,30.42,5.68,1.74,-2.2,5.1,-7.63,0.85,False,1.0,86.48,km/h and m/s^2,telemetry-calibrated ground plane (estimate),1.5,0.47,measured_size
1913,pedestrian,9,0.27,,,,,,,,0.0,0.0,0.0,0.0,0.0,False,0.0,,km/h and m/s^2,telemetry-calibrated ground plane (estimate),,,model_reliable_for_this_class
1917,pedestrian,26,0.83,1.14,,,,1.23,1.23,,0.09,-0.13,0.09,-0.14,0.06,False,0.0,5.16,km/h and m/s^2,telemetry-calibrated ground plane (estimate),0.93,0.36,model_reliable_for_this_class
1919,pedestrian,9,0.27,,,,,,,,0.0,0.0,0.0,0.0,0.0,False,0.0,,km/h and m/s^2,telemetry-calibrated ground plane (estimate),,,model_reliable_for_this_class
1921,pedestrian,77,7.24,0.23,,,,0.74,1.06,,0.31,-0.38,0.88,-0.48,0.17,False,0.0,0.73,km/h and m/s^2,telemetry-calibrated ground plane (estimate),1.32,0.66,model_reliable_for_this_class
1926,pedestrian,661,24.83,0.37,,,,0.98,1.28,,0.51,-0.47,1.0,-0.91,0.23,False,0.0,1.69,km/h and m/s^2,telemetry-calibrated ground plane (estimate),1.42,0.37,model_reliable_for_this_class
1928,lgv,11,0.33,,,,,,,,0.0,0.0,0.0,0.0,0.0,False,0.0,,km/h and m/s^2,telemetry-calibrated ground plane (estimate),,,footprint_fallback_insufficient_geometry
1934,motorcycle,12,0.37,,,,,,,,0.0,0.0,0.0,0.0,0.0,False,0.0,,km/h and m/s^2,telemetry-calibrated ground plane (estimate),,,model_reliable_for_this_class
1935,car,667,22.39,15.24,15.55,16.76,23.5,25.21,25.6,4.32,1.8,-1.42,2.34,-4.14,0.72,False,0.98,54.17,km/h and m/s^2,telemetry-calibrated ground plane (estimate),2.83,2.29,measured_size
1938,bus,8,0.23,,,,,,,,0.0,0.0,0.0,0.0,0.0,False,0.0,,km/h and m/s^2,telemetry-calibrated ground plane (estimate),,,model_only_insufficient_geometry
1945,car,8,0.43,,,,,,,,0.0,0.0,0.0,0.0,0.0,False,0.0,,km/h and m/s^2,telemetry-calibrated ground plane (estimate),,,model_only_insufficient_geometry
1946,hgv,19,0.6,0.68,,,,0.74,0.74,,0.11,0.0,0.11,0.0,0.05,False,0.0,4.0,km/h and m/s^2,telemetry-calibrated ground plane (estimate),5.28,0.7,measured_size_large
1948,pedestrian,12,0.43,,,,,,,,0.0,0.0,0.0,0.0,0.0,False,0.0,,km/h and m/s^2,telemetry-calibrated ground plane (estimate),,,model_reliable_for_this_class
1951,car,41,1.34,15.7,15.7,16.19,17.28,17.45,17.46,4.36,2.27,-3.25,2.29,-3.41,1.3,False,1.0,93.95,km/h and m/s^2,telemetry-calibrated ground plane (estimate),,,model_only_insufficient_geometry
1952,car,618,20.59,10.13,10.13,10.31,11.97,12.72,12.89,2.81,1.09,-1.17,2.33,-2.73,0.56,False,1.0,33.49,km/h and m/s^2,telemetry-calibrated ground plane (estimate),2.14,1.21,measured_size
1954,car,23,0.73,11.07,11.07,10.95,11.74,12.4,12.55,3.07,1.52,-1.15,1.86,-1.49,0.64,False,1.0,44.14,km/h and m/s^2,telemetry-calibrated ground plane (estimate),,,model_only_insufficient_geometry
1957,car,708,23.96,16.83,16.83,14.53,22.28,23.23,23.53,4.68,1.0,-1.05,4.82,-5.05,0.52,False,1.0,65.43,km/h and m/s^2,telemetry-calibrated ground plane (estimate),1.8,1.15,measured_size
1963,pedestrian,203,6.74,1.41,4.96,5.19,5.69,5.85,6.05,1.38,2.91,-1.29,3.41,-3.74,0.65,False,0.18,4.36,km/h and m/s^2,telemetry-calibrated ground plane (estimate),1.53,0.57,model_reliable_for_this_class
1972,car,17,6.74,0.19,,,,0.19,0.19,,0.02,-0.0,0.04,-0.02,0.01,False,0.0,0.69,km/h and m/s^2,telemetry-calibrated ground plane (estimate),2.37,2.33,measured_size
1983,lgv,701,23.36,20.15,20.15,20.35,25.36,30.91,31.71,5.6,1.84,-1.37,11.27,-4.91,0.78,True,1.0,86.67,km/h and m/s^2,telemetry-calibrated ground plane (estimate),3.07,1.88,measured_size_overrides_model
1985,car,699,23.29,15.99,15.99,13.67,24.57,27.05,27.24,4.44,1.03,-1.2,5.3,-2.27,0.62,False,1.0,58.85,km/h and m/s^2,telemetry-calibrated ground plane (estimate),2.5,1.97,measured_size
1991,pedestrian,75,2.47,0.68,,,,1.77,1.84,,1.01,-1.12,1.28,-1.41,0.47,False,0.0,2.51,km/h and m/s^2,telemetry-calibrated ground plane (estimate),1.31,0.25,model_reliable_for_this_class
1997,pedestrian,24,0.77,1.03,,,,1.41,1.43,,0.12,-0.65,0.17,-0.71,0.24,False,0.0,2.94,km/h and m/s^2,telemetry-calibrated ground plane (estimate),1.96,0.74,model_reliable_for_this_class
2000,lgv,9,0.27,,,,,,,,0.0,0.0,0.0,0.0,0.0,False,0.0,,km/h and m/s^2,telemetry-calibrated ground plane (estimate),,,footprint_fallback_insufficient_geometry
2033,motorcycle,277,10.11,8.03,8.03,7.63,12.5,13.58,13.84,2.23,1.48,-1.27,3.54,-2.18,0.63,False,1.0,33.23,km/h and m/s^2,telemetry-calibrated ground plane (estimate),1.52,0.54,model_reliable_for_this_class
2036,car,450,21.25,0.88,3.87,3.95,4.19,4.01,4.3,1.07,1.51,-0.9,3.83,-3.58,0.58,False,0.05,4.47,km/h and m/s^2,telemetry-calibrated ground plane (estimate),2.84,2.23,measured_size
2038,lgv,124,4.5,0.49,,,,1.36,1.36,,0.46,-0.61,0.72,-0.69,0.24,False,0.0,1.47,km/h and m/s^2,telemetry-calibrated ground plane (estimate),3.01,2.32,measured_size_overrides_model
2042,car,326,21.16,0.23,,,,0.65,0.9,,0.35,-0.34,0.76,-0.6,0.15,False,0.0,1.09,km/h and m/s^2,telemetry-calibrated ground plane (estimate),1.61,1.38,measured_size
2046,car,16,2.47,15.99,15.99,15.99,16.19,16.19,16.19,4.44,0.0,-0.07,0.0,-0.07,0.03,False,1.0,55.01,km/h and m/s^2,telemetry-calibrated ground plane (estimate),1.54,0.48,measured_size
2048,pedestrian,32,1.2,2.02,,,,2.33,2.33,,0.05,-0.53,0.07,-0.54,0.15,False,0.0,10.77,km/h and m/s^2,telemetry-calibrated ground plane (estimate),0.99,0.76,model_reliable_for_this_class
2055,pedestrian,626,21.12,0.33,,,,0.88,1.02,,0.42,-0.39,0.64,-0.71,0.19,False,0.0,1.47,km/h and m/s^2,telemetry-calibrated ground plane (estimate),1.22,0.46,model_reliable_for_this_class
2058,pedestrian,285,9.91,5.35,6.28,6.36,9.25,10.49,10.68,1.74,2.07,-1.59,3.41,-2.85,0.87,False,0.78,22.36,km/h and m/s^2,telemetry-calibrated ground plane (estimate),1.58,0.52,model_reliable_for_this_class
2060,pedestrian,95,3.24,11.81,11.81,11.92,12.56,13.06,13.25,3.28,1.18,-0.88,1.77,-1.19,0.5,False,1.0,47.23,km/h and m/s^2,telemetry-calibrated ground plane (estimate),1.13,0.92,model_reliable_for_this_class
2070,lgv,59,3.14,0.34,,,,0.79,0.79,,0.12,-0.34,0.18,-0.46,0.14,False,0.0,1.52,km/h and m/s^2,telemetry-calibrated ground plane (estimate),3.77,3.18,measured_size_overrides_model
2072,car,97,8.34,0.4,,,,1.0,1.04,,0.51,-0.38,0.75,-0.66,0.18,False,0.0,1.89,km/h and m/s^2,telemetry-calibrated ground plane (estimate),2.09,1.73,measured_size
2074,car,622,20.72,13.56,14.19,15.73,19.21,20.81,21.18,3.94,0.86,-1.08,2.55,-1.61,0.53,False,0.95,45.95,km/h and m/s^2,telemetry-calibrated ground plane (estimate),2.8,2.01,measured_size
2077,car,8,0.43,,,,,,,,0.0,0.0,0.0,0.0,0.0,False,0.0,,km/h and m/s^2,telemetry-calibrated ground plane (estimate),,,model_only_insufficient_geometry
2082,car,575,20.52,11.77,11.77,10.26,19.55,21.73,26.51,3.27,1.85,-2.09,7.02,-6.7,0.85,False,1.0,43.9,km/h and m/s^2,telemetry-calibrated ground plane (estimate),2.13,1.0,measured_size
2084,pedestrian,91,6.64,3.38,3.81,3.63,4.51,5.39,5.63,1.06,1.22,-2.08,1.56,-2.76,0.78,False,0.73,14.26,km/h and m/s^2,telemetry-calibrated ground plane (estimate),1.0,0.48,model_reliable_for_this_class
2093,pedestrian,17,0.53,0.4,,,,0.52,0.52,,0.22,0.0,0.22,0.0,0.12,False,0.0,1.27,km/h and m/s^2,telemetry-calibrated ground plane (estimate),,,model_reliable_for_this_class
2100,pedestrian,86,3.07,0.98,,,,1.96,1.98,,1.11,-0.81,1.33,-0.91,0.4,False,0.0,3.92,km/h and m/s^2,telemetry-calibrated ground plane (estimate),0.91,0.29,model_reliable_for_this_class
2114,pedestrian,122,5.51,0.28,,,,0.68,0.7,,0.32,-0.33,0.39,-0.53,0.13,False,0.0,1.05,km/h and m/s^2,telemetry-calibrated ground plane (estimate),1.06,0.42,model_reliable_for_this_class
2117,hgv,77,2.84,19.48,19.48,20.98,21.72,22.1,22.13,5.41,4.36,-7.23,5.19,-8.81,1.99,False,1.0,113.91,km/h and m/s^2,telemetry-calibrated ground plane (estimate),4.63,0.88,measured_size_large
2120,car,252,8.38,25.84,25.84,27.6,31.2,31.76,31.88,7.18,2.51,-2.82,6.07,-6.82,1.2,False,1.0,84.57,km/h and m/s^2,telemetry-calibrated ground plane (estimate),2.47,1.82,measured_size
2121,motorcycle,277,12.15,7.61,7.61,8.67,11.06,14.54,17.07,2.11,2.27,-2.7,5.18,-5.55,1.05,False,1.0,23.78,km/h and m/s^2,telemetry-calibrated ground plane (estimate),1.43,0.78,model_reliable_for_this_class
2130,car,276,9.28,19.43,19.43,19.86,25.42,26.47,27.11,5.4,1.07,-0.27,1.78,-5.89,0.66,False,1.0,104.04,km/h and m/s^2,telemetry-calibrated ground plane (estimate),2.02,0.82,measured_size
2132,car,9,0.27,,,,,,,,0.0,0.0,0.0,0.0,0.0,False,0.0,,km/h and m/s^2,telemetry-calibrated ground plane (estimate),,,model_only_insufficient_geometry
2137,car,38,1.23,0.76,,,,1.32,1.34,,0.95,-0.86,1.04,-1.05,0.47,False,0.0,2.0,km/h and m/s^2,telemetry-calibrated ground plane (estimate),1.44,0.96,measured_size
2146,car,432,16.32,3.06,4.47,4.32,5.26,6.22,6.38,1.24,0.92,-1.1,1.55,-2.5,0.45,False,0.62,13.71,km/h and m/s^2,telemetry-calibrated ground plane (estimate),1.12,0.75,measured_size
2149,car,8,0.23,,,,,,,,0.0,0.0,0.0,0.0,0.0,False,0.0,,km/h and m/s^2,telemetry-calibrated ground plane (estimate),,,model_only_insufficient_geometry
2156,car,10,1.6,,,,,,,,0.0,0.0,0.0,0.0,0.0,False,0.0,,km/h and m/s^2,telemetry-calibrated ground plane (estimate),,,model_only_insufficient_geometry
2171,pedestrian,66,9.08,0.31,,,,0.84,0.86,,0.4,-0.42,0.46,-0.58,0.18,False,0.0,1.62,km/h and m/s^2,telemetry-calibrated ground plane (estimate),2.55,1.67,model_reliable_for_this_class
2180,pedestrian,9,0.27,,,,,,,,0.0,0.0,0.0,0.0,0.0,False,0.0,,km/h and m/s^2,telemetry-calibrated ground plane (estimate),,,model_reliable_for_this_class
2199,car,327,10.94,17.01,17.01,17.73,21.21,23.11,23.19,4.72,1.13,-0.72,1.76,-3.14,0.55,False,1.0,91.17,km/h and m/s^2,telemetry-calibrated ground plane (estimate),1.36,0.53,measured_size
2200,car,8,0.23,,,,,,,,0.0,0.0,0.0,0.0,0.0,False,0.0,,km/h and m/s^2,telemetry-calibrated ground plane (estimate),,,model_only_insufficient_geometry
2206,pedestrian,24,1.44,2.71,3.12,3.14,3.16,3.16,3.17,0.87,0.34,-0.56,0.35,-0.56,0.24,False,0.21,8.93,km/h and m/s^2,telemetry-calibrated ground plane (estimate),2.34,0.15,model_reliable_for_this_class
2208,car,13,0.4,,,,,,,,0.0,0.0,0.0,0.0,0.0,False,0.0,,km/h and m/s^2,telemetry-calibrated ground plane (estimate),,,model_only_insufficient_geometry
2209,pedestrian,32,1.03,1.15,,,,1.73,1.73,,1.15,-0.49,1.24,-0.57,0.37,False,0.0,4.65,km/h and m/s^2,telemetry-calibrated ground plane (estimate),1.5,0.17,model_reliable_for_this_class
2212,motorcycle,15,0.47,2.45,,,,2.45,2.45,,0.0,0.0,0.0,0.0,0.0,False,0.0,10.67,km/h and m/s^2,telemetry-calibrated ground plane (estimate),1.59,0.11,model_reliable_for_this_class
2217,motorcycle,35,3.64,0.65,,,,1.39,1.39,,1.14,-0.51,1.16,-0.54,0.41,False,0.0,1.92,km/h and m/s^2,telemetry-calibrated ground plane (estimate),2.3,1.94,model_reliable_for_this_class
2227,bus,14,0.43,,,,,,,,0.0,0.0,0.0,0.0,0.0,False,0.0,,km/h and m/s^2,telemetry-calibrated ground plane (estimate),,,model_only_insufficient_geometry
2228,car,532,17.72,11.95,11.95,11.15,18.07,19.47,19.84,3.32,0.94,-0.83,3.11,-2.63,0.52,False,1.0,45.78,km/h and m/s^2,telemetry-calibrated ground plane (estimate),2.17,0.99,measured_size
2248,car,125,5.27,7.17,7.17,6.42,9.4,11.0,11.29,1.99,1.29,-1.5,1.97,-2.46,0.71,False,1.0,30.92,km/h and m/s^2,telemetry-calibrated ground plane (estimate),1.67,0.4,measured_size
2250,motorcycle,263,9.51,13.52,13.52,13.89,15.87,16.47,16.51,3.75,1.77,-2.17,4.39,-3.69,0.68,False,1.0,72.37,km/h and m/s^2,telemetry-calibrated ground plane (estimate),1.61,0.63,model_reliable_for_this_class
2277,pedestrian,89,10.94,0.3,,,,0.62,0.77,,0.4,-0.23,0.49,-0.41,0.14,False,0.0,0.94,km/h and m/s^2,telemetry-calibrated ground plane (estimate),1.81,0.42,model_reliable_for_this_class
2280,pedestrian,34,2.5,3.07,5.39,5.05,7.47,7.71,8.37,1.5,4.25,-3.6,5.84,-5.27,1.23,False,0.21,9.28,km/h and m/s^2,telemetry-calibrated ground plane (estimate),1.58,0.14,model_reliable_for_this_class
2286,pedestrian,116,6.31,2.01,3.75,3.76,4.42,4.52,4.86,1.04,1.06,-1.92,1.65,-3.16,0.61,False,0.3,8.28,km/h and m/s^2,telemetry-calibrated ground plane (estimate),1.02,0.22,model_reliable_for_this_class
2287,car,181,12.05,0.37,,,,1.17,1.24,,0.44,-0.45,1.06,-1.05,0.22,False,0.0,1.34,km/h and m/s^2,telemetry-calibrated ground plane (estimate),1.1,0.89,measured_size
2288,motorcycle,119,4.67,27.31,27.31,27.64,29.74,33.9,38.37,7.59,3.52,-4.41,7.94,-13.77,1.79,True,1.0,82.84,km/h and m/s^2,telemetry-calibrated ground plane (estimate),1.77,0.39,model_reliable_for_this_class
2289,pedestrian,8,0.23,,,,,,,,0.0,0.0,0.0,0.0,0.0,False,0.0,,km/h and m/s^2,telemetry-calibrated ground plane (estimate),,,model_reliable_for_this_class
2296,car,433,16.18,11.79,11.79,11.43,15.6,16.58,26.26,3.27,1.07,-1.89,11.37,-11.61,0.76,True,1.0,61.22,km/h and m/s^2,telemetry-calibrated ground plane (estimate),1.42,0.56,measured_size
2305,car,446,16.05,19.71,19.71,20.23,25.68,28.18,30.42,5.48,3.3,-1.92,8.93,-4.98,0.98,False,1.0,95.31,km/h and m/s^2,telemetry-calibrated ground plane (estimate),1.16,0.7,measured_size
2310,lgv,19,0.6,0.42,,,,0.53,0.53,,0.17,-0.29,0.18,-0.3,0.1,False,0.0,1.24,km/h and m/s^2,telemetry-calibrated ground plane (estimate),3.13,2.3,measured_size_overrides_model
2315,car,399,15.95,0.35,,,,0.91,1.07,,0.44,-0.4,0.88,-0.81,0.21,False,0.0,1.39,km/h and m/s^2,telemetry-calibrated ground plane (estimate),1.14,0.94,measured_size
2320,car,455,15.75,18.8,18.8,18.97,22.04,24.84,25.44,5.22,1.5,-1.83,4.49,-4.97,0.71,False,1.0,91.26,km/h and m/s^2,telemetry-calibrated ground plane (estimate),1.28,0.84,measured_size
2324,pedestrian,23,2.44,2.52,4.45,4.53,4.59,4.57,4.61,1.24,0.72,-2.33,0.82,-2.43,0.85,False,0.13,14.49,km/h and m/s^2,telemetry-calibrated ground plane (estimate),,,model_reliable_for_this_class
2325,motorcycle,195,7.88,27.26,27.26,25.71,32.73,39.65,48.3,7.57,4.7,-3.75,12.31,-12.47,1.9,True,1.0,91.24,km/h and m/s^2,telemetry-calibrated ground plane (estimate),1.29,0.71,model_reliable_for_this_class
2341,motorcycle,85,4.74,9.87,9.87,9.58,11.62,15.28,18.94,2.74,4.8,-3.35,9.91,-9.82,1.84,False,1.0,31.74,km/h and m/s^2,telemetry-calibrated ground plane (estimate),1.69,0.71,model_reliable_for_this_class
2344,car,224,15.38,0.34,,,,1.12,1.17,,0.49,-0.35,0.9,-0.87,0.18,False,0.0,1.49,km/h and m/s^2,telemetry-calibrated ground plane (estimate),1.62,1.16,measured_size
2350,hgv,15,0.47,0.38,,,,0.38,0.38,,0.0,0.0,0.0,0.0,0.0,False,0.0,1.94,km/h and m/s^2,telemetry-calibrated ground plane (estimate),4.68,2.84,measured_size_large
2351,pedestrian,274,12.01,3.33,3.78,3.61,4.35,5.37,6.75,1.05,1.41,-1.56,3.49,-3.46,0.76,False,0.65,12.07,km/h and m/s^2,telemetry-calibrated ground plane (estimate),1.5,0.22,model_reliable_for_this_class
2362,motorcycle,384,15.12,16.56,16.56,17.02,20.15,22.72,24.32,4.6,3.56,-2.91,7.22,-6.91,1.24,False,1.0,56.43,km/h and m/s^2,telemetry-calibrated ground plane (estimate),1.37,0.57,model_reliable_for_this_class
2366,pedestrian,26,0.83,2.6,3.17,3.17,3.23,3.25,3.25,0.88,0.06,-1.26,0.08,-1.31,0.44,False,0.46,10.39,km/h and m/s^2,telemetry-calibrated ground plane (estimate),1.51,0.51,model_reliable_for_this_class
2370,car,15,0.73,7.12,7.12,7.12,7.12,7.12,7.12,1.98,0.0,0.0,0.0,0.0,0.0,False,1.0,28.62,km/h and m/s^2,telemetry-calibrated ground plane (estimate),,,model_only_insufficient_geometry
2371,pedestrian,39,1.93,2.74,3.96,4.12,4.18,4.63,5.3,1.1,1.45,-2.14,1.45,-3.42,0.9,False,0.36,9.6,km/h and m/s^2,telemetry-calibrated ground plane (estimate),1.59,0.7,model_reliable_for_this_class
2377,bus,29,1.23,0.45,,,,0.59,0.59,,0.0,-0.23,0.0,-0.26,0.1,False,0.0,2.44,km/h and m/s^2,telemetry-calibrated ground plane (estimate),5.66,0.21,measured_size_large_model_says_bus
2378,car,10,0.37,,,,,,,,0.0,0.0,0.0,0.0,0.0,False,0.0,,km/h and m/s^2,telemetry-calibrated ground plane (estimate),,,model_only_insufficient_geometry
2384,hgv,52,1.8,18.61,18.61,18.76,20.55,21.07,21.12,5.17,5.19,-1.84,5.56,-2.24,1.58,False,1.0,109.88,km/h and m/s^2,telemetry-calibrated ground plane (estimate),4.77,1.05,measured_size_large
2387,hgv,131,4.87,0.87,3.4,3.4,3.58,2.77,3.66,0.94,2.01,-0.86,3.14,-1.21,0.51,False,0.02,3.75,km/h and m/s^2,telemetry-calibrated ground plane (estimate),5.96,2.22,measured_size_large
2389,pedestrian,129,4.54,0.4,,,,0.8,0.82,,0.35,-0.4,0.44,-0.58,0.17,False,0.0,1.37,km/h and m/s^2,telemetry-calibrated ground plane (estimate),1.43,0.25,model_reliable_for_this_class
2405,lgv,19,3.04,0.02,,,,0.02,0.02,,0.01,-0.0,0.01,-0.0,0.0,False,0.0,0.09,km/h and m/s^2,telemetry-calibrated ground plane (estimate),4.32,1.53,measured_size_overrides_model
2419,car,31,1.07,0.63,,,,1.17,1.17,,0.89,-0.14,0.98,-0.19,0.27,False,0.0,2.16,km/h and m/s^2,telemetry-calibrated ground plane (estimate),2.98,2.51,measured_size_overrides_model
2430,pedestrian,13,0.4,,,,,,,,0.0,0.0,0.0,0.0,0.0,False,0.0,,km/h and m/s^2,telemetry-calibrated ground plane (estimate),,,model_reliable_for_this_class
2438,pedestrian,61,2.8,1.15,,,,2.44,2.86,,0.55,-0.64,1.61,-1.24,0.36,False,0.0,5.65,km/h and m/s^2,telemetry-calibrated ground plane (estimate),0.68,0.41,model_reliable_for_this_class
2439,pedestrian,24,0.9,1.24,,,,1.44,1.44,,0.11,-0.34,0.11,-0.35,0.14,False,0.0,4.07,km/h and m/s^2,telemetry-calibrated ground plane (estimate),,,model_reliable_for_this_class
2453,lgv,60,6.21,0.47,,,,1.32,1.36,,0.2,-0.32,0.59,-0.76,0.15,False,0.0,2.16,km/h and m/s^2,telemetry-calibrated ground plane (estimate),3.63,3.41,measured_size_overrides_model
2459,pedestrian,8,0.23,,,,,,,,0.0,0.0,0.0,0.0,0.0,False,0.0,,km/h and m/s^2,telemetry-calibrated ground plane (estimate),,,model_reliable_for_this_class
2465,lgv,375,12.55,12.5,12.5,12.82,17.01,17.84,17.89,3.47,1.07,-1.08,1.48,-2.16,0.55,False,1.0,65.36,km/h and m/s^2,telemetry-calibrated ground plane (estimate),3.19,1.4,measured_size_overrides_model
2466,car,57,7.91,0.88,3.34,3.32,3.37,3.39,3.44,0.93,0.69,-2.57,1.13,-2.9,0.62,False,0.18,3.39,km/h and m/s^2,telemetry-calibrated ground plane (estimate),2.49,2.34,measured_size
2481,car,334,12.18,21.44,21.44,22.35,25.09,26.25,29.18,5.96,2.28,-2.06,6.96,-5.07,0.96,False,1.0,75.89,km/h and m/s^2,telemetry-calibrated ground plane (estimate),1.38,0.69,measured_size
2482,car,8,0.23,,,,,,,,0.0,0.0,0.0,0.0,0.0,False,0.0,,km/h and m/s^2,telemetry-calibrated ground plane (estimate),,,model_only_insufficient_geometry
2491,car,191,10.84,0.26,,,,0.61,0.67,,0.33,-0.32,0.39,-0.54,0.14,False,0.0,0.82,km/h and m/s^2,telemetry-calibrated ground plane (estimate),1.27,1.08,measured_size
2494,lgv,8,0.23,,,,,,,,0.0,0.0,0.0,0.0,0.0,False,0.0,,km/h and m/s^2,telemetry-calibrated ground plane (estimate),,,footprint_fallback_insufficient_geometry
2506,pedestrian,72,5.94,1.34,4.0,4.2,4.44,4.45,4.52,1.11,3.05,-3.04,3.89,-3.93,1.07,False,0.17,5.48,km/h and m/s^2,telemetry-calibrated ground plane (estimate),2.02,0.16,model_reliable_for_this_class
2509,car,8,0.23,,,,,,,,0.0,0.0,0.0,0.0,0.0,False,0.0,,km/h and m/s^2,telemetry-calibrated ground plane (estimate),,,model_only_insufficient_geometry
2510,car,28,0.93,0.94,,,,1.27,1.27,,0.0,-0.57,0.01,-0.61,0.22,False,0.0,2.62,km/h and m/s^2,telemetry-calibrated ground plane (estimate),2.93,1.89,measured_size
2511,car,266,11.34,0.22,,,,0.53,0.74,,0.27,-0.21,0.59,-0.65,0.12,False,0.0,1.17,km/h and m/s^2,telemetry-calibrated ground plane (estimate),1.06,0.81,measured_size
2515,motorcycle,268,10.81,16.62,16.62,16.77,21.42,23.07,24.22,4.62,1.94,-2.35,4.35,-9.93,1.15,False,1.0,60.48,km/h and m/s^2,telemetry-calibrated ground plane (estimate),1.41,0.78,model_reliable_for_this_class
2516,car,336,11.18,14.33,14.33,14.23,16.13,16.56,16.65,3.98,0.92,-0.75,4.16,-1.82,0.52,False,1.0,65.31,km/h and m/s^2,telemetry-calibrated ground plane (estimate),2.45,1.52,measured_size
2528,pedestrian,37,1.2,0.25,,,,0.55,0.55,,0.42,-0.14,0.44,-0.17,0.14,False,0.0,1.02,km/h and m/s^2,telemetry-calibrated ground plane (estimate),1.04,0.39,model_reliable_for_this_class
2534,pedestrian,85,3.17,3.36,5.58,5.49,6.76,7.89,8.81,1.55,2.05,-0.91,3.37,-2.28,0.82,False,0.52,13.18,km/h and m/s^2,telemetry-calibrated ground plane (estimate),1.39,0.68,model_reliable_for_this_class
2543,pedestrian,30,0.97,3.23,3.87,4.06,4.06,4.06,4.06,1.07,0.06,-1.22,0.12,-1.28,0.37,False,0.4,12.19,km/h and m/s^2,telemetry-calibrated ground plane (estimate),1.83,0.27,model_reliable_for_this_class
2550,car,103,8.08,21.42,21.42,19.64,27.74,42.83,47.86,5.95,11.66,-11.4,18.65,-23.06,4.97,True,1.0,76.21,km/h and m/s^2,telemetry-calibrated ground plane (estimate),1.1,0.87,measured_size
2560,car,205,10.21,9.56,10.42,10.22,14.9,18.9,23.7,2.89,3.71,-1.82,8.05,-6.37,1.23,False,0.9,38.58,km/h and m/s^2,telemetry-calibrated ground plane (estimate),1.31,0.5,measured_size
2573,motorcycle,20,0.67,6.33,6.33,6.38,6.49,6.69,6.72,1.76,0.28,-0.47,0.31,-0.54,0.19,False,1.0,26.29,km/h and m/s^2,telemetry-calibrated ground plane (estimate),1.1,1.02,model_reliable_for_this_class
2576,car,51,2.47,1.95,,,,2.81,2.82,,1.38,-1.72,1.58,-1.83,0.69,False,0.0,9.64,km/h and m/s^2,telemetry-calibrated ground plane (estimate),1.14,0.5,measured_size
2581,motorcycle,12,0.37,,,,,,,,0.0,0.0,0.0,0.0,0.0,False,0.0,,km/h and m/s^2,telemetry-calibrated ground plane (estimate),,,model_reliable_for_this_class
2585,car,273,9.84,16.96,16.96,17.2,17.77,19.19,20.18,4.71,1.51,-2.02,2.94,-4.35,0.69,False,1.0,90.21,km/h and m/s^2,telemetry-calibrated ground plane (estimate),1.7,0.36,measured_size
2587,car,50,1.63,0.99,,,,1.34,1.34,,0.5,-0.7,0.63,-0.76,0.3,False,0.0,4.72,km/h and m/s^2,telemetry-calibrated ground plane (estimate),2.03,1.3,measured_size
2595,car,291,9.68,11.96,11.96,10.73,16.07,17.52,17.59,3.32,0.93,-0.62,2.9,-2.23,0.53,False,1.0,60.59,km/h and m/s^2,telemetry-calibrated ground plane (estimate),1.87,0.93,measured_size
2597,pedestrian,11,0.4,,,,,,,,0.0,0.0,0.0,0.0,0.0,False,0.0,,km/h and m/s^2,telemetry-calibrated ground plane (estimate),,,model_reliable_for_this_class
2598,car,16,0.97,0.15,,,,0.21,0.21,,0.0,-0.12,0.0,-0.12,0.06,False,0.0,0.75,km/h and m/s^2,telemetry-calibrated ground plane (estimate),2.13,1.87,measured_size
2600,hgv,19,0.6,0.6,,,,0.68,0.68,,0.0,-0.15,0.0,-0.15,0.07,False,0.0,3.56,km/h and m/s^2,telemetry-calibrated ground plane (estimate),5.11,0.78,measured_size_large
2601,motorcycle,156,5.74,13.11,13.11,13.43,14.4,16.66,16.9,3.64,1.86,-1.77,2.77,-2.52,0.85,False,1.0,44.69,km/h and m/s^2,telemetry-calibrated ground plane (estimate),1.78,0.85,model_reliable_for_this_class
2604,pedestrian,16,0.5,0.46,,,,0.46,0.46,,0.0,0.0,0.0,0.0,0.0,False,0.0,1.96,km/h and m/s^2,telemetry-calibrated ground plane (estimate),1.22,0.74,model_reliable_for_this_class
2608,motorcycle,30,1.43,1.69,3.63,3.7,3.7,3.7,3.7,1.01,2.81,-0.11,3.07,-0.28,0.88,False,0.33,4.91,km/h and m/s^2,telemetry-calibrated ground plane (estimate),1.6,0.97,model_reliable_for_this_class
2609,pedestrian,25,0.8,0.27,,,,0.36,0.36,,0.19,-0.08,0.2,-0.09,0.07,False,0.0,0.82,km/h and m/s^2,telemetry-calibrated ground plane (estimate),1.48,0.74,model_reliable_for_this_class
2633,pedestrian,24,0.87,1.22,,,,1.36,1.37,,0.2,-0.13,0.21,-0.14,0.08,False,0.0,4.5,km/h and m/s^2,telemetry-calibrated ground plane (estimate),,,model_reliable_for_this_class
2646,car,259,8.68,16.13,16.13,17.04,18.4,18.82,19.29,4.48,0.47,-0.98,2.79,-2.21,0.44,False,1.0,89.87,km/h and m/s^2,telemetry-calibrated ground plane (estimate),1.59,0.34,measured_size
2647,bus,114,6.17,0.31,,,,0.73,0.76,,0.25,-0.32,0.35,-0.38,0.14,False,0.0,1.55,km/h and m/s^2,telemetry-calibrated ground plane (estimate),4.67,1.72,measured_size_large_model_says_bus
2653,car,244,8.58,24.29,24.29,24.73,27.7,29.44,31.77,6.75,2.72,-3.29,4.6,-5.53,1.1,False,1.0,125.79,km/h and m/s^2,telemetry-calibrated ground plane (estimate),1.62,0.34,measured_size
2658,car,110,4.7,20.5,20.5,20.69,22.73,23.63,24.21,5.69,2.8,-2.01,9.0,-4.75,1.09,False,1.0,116.76,km/h and m/s^2,telemetry-calibrated ground plane (estimate),1.57,0.31,measured_size
2664,pedestrian,120,5.17,1.85,3.27,3.31,3.42,3.36,3.44,0.91,1.4,-1.43,1.66,-1.69,0.77,False,0.07,5.55,km/h and m/s^2,telemetry-calibrated ground plane (estimate),1.58,0.43,model_reliable_for_this_class
2669,lgv,47,1.53,0.73,,,,1.55,1.55,,0.21,-0.9,0.27,-0.99,0.26,False,0.0,2.05,km/h and m/s^2,telemetry-calibrated ground plane (estimate),3.12,1.88,measured_size_overrides_model
2676,pedestrian,25,3.67,3.28,3.31,3.29,3.31,3.66,3.76,0.92,0.29,-0.79,0.31,-0.81,0.32,False,0.96,17.55,km/h and m/s^2,telemetry-calibrated ground plane (estimate),0.65,0.59,model_reliable_for_this_class
2680,motorcycle,64,2.1,0.58,,,,1.43,1.43,,0.6,-0.2,0.64,-0.26,0.23,False,0.0,1.65,km/h and m/s^2,telemetry-calibrated ground plane (estimate),1.62,0.67,model_reliable_for_this_class
2686,pedestrian,191,6.34,0.3,,,,0.61,0.63,,0.39,-0.33,0.52,-0.53,0.17,False,0.0,1.18,km/h and m/s^2,telemetry-calibrated ground plane (estimate),0.95,0.3,model_reliable_for_this_class
2687,hgv,104,6.37,0.3,,,,0.87,0.9,,0.44,-0.5,0.8,-0.64,0.2,False,0.0,1.24,km/h and m/s^2,telemetry-calibrated ground plane (estimate),6.17,2.1,measured_size_large
2696,pedestrian,79,2.6,0.27,,,,0.47,0.47,,0.29,-0.24,0.33,-0.34,0.14,False,0.0,0.92,km/h and m/s^2,telemetry-calibrated ground plane (estimate),1.49,0.32,model_reliable_for_this_class
2699,pedestrian,9,0.27,,,,,,,,0.0,0.0,0.0,0.0,0.0,False,0.0,,km/h and m/s^2,telemetry-calibrated ground plane (estimate),,,model_reliable_for_this_class
2700,car,69,2.27,0.84,,,,2.87,2.87,,0.32,-1.86,0.42,-1.97,0.42,False,0.0,3.16,km/h and m/s^2,telemetry-calibrated ground plane (estimate),1.16,1.08,measured_size
2701,lgv,218,7.27,6.86,6.86,7.01,8.98,10.27,10.37,1.91,0.74,-1.37,1.34,-2.46,0.55,False,1.0,30.35,km/h and m/s^2,telemetry-calibrated ground plane (estimate),3.06,1.54,measured_size_overrides_model
2718,lgv,8,0.23,,,,,,,,0.0,0.0,0.0,0.0,0.0,False,0.0,,km/h and m/s^2,telemetry-calibrated ground plane (estimate),,,footprint_fallback_insufficient_geometry
2727,pedestrian,25,2.97,2.46,,,,2.94,2.98,,0.49,-0.63,0.58,-0.72,0.33,False,0.0,13.77,km/h and m/s^2,telemetry-calibrated ground plane (estimate),0.72,0.49,model_reliable_for_this_class
2739,pedestrian,20,0.67,3.78,3.78,3.87,3.88,3.93,3.95,1.05,0.27,-0.03,0.3,-0.07,0.12,False,1.0,19.81,km/h and m/s^2,telemetry-calibrated ground plane (estimate),1.17,0.03,model_reliable_for_this_class
2749,car,149,6.31,20.31,20.31,20.91,22.53,25.87,27.78,5.64,5.59,-3.82,9.08,-9.54,2.06,False,1.0,70.19,km/h and m/s^2,telemetry-calibrated ground plane (estimate),1.37,0.54,measured_size
2764,car,24,1.5,1.73,,,,2.04,2.04,,0.48,-0.08,0.49,-0.1,0.18,False,0.0,11.37,km/h and m/s^2,telemetry-calibrated ground plane (estimate),,,model_only_insufficient_geometry
2768,pedestrian,160,5.77,0.38,,,,0.82,0.87,,0.54,-0.44,0.69,-0.67,0.22,False,0.0,1.39,km/h and m/s^2,telemetry-calibrated ground plane (estimate),1.05,0.39,model_reliable_for_this_class
2792,motorcycle,94,3.47,18.12,18.12,17.8,21.42,22.22,22.51,5.03,2.11,-5.01,3.03,-5.61,1.26,False,1.0,62.55,km/h and m/s^2,telemetry-calibrated ground plane (estimate),1.23,0.74,model_reliable_for_this_class
2796,motorcycle,158,5.27,15.15,15.15,14.68,18.73,21.43,21.72,4.21,1.52,-1.4,1.96,-2.84,0.81,False,1.0,60.51,km/h and m/s^2,telemetry-calibrated ground plane (estimate),1.54,0.53,model_reliable_for_this_class
2802,motorcycle,9,0.4,,,,,,,,0.0,0.0,0.0,0.0,0.0,False,0.0,,km/h and m/s^2,telemetry-calibrated ground plane (estimate),,,model_reliable_for_this_class
2806,car,105,4.7,19.84,19.84,20.41,21.77,23.48,24.7,5.51,4.27,-3.8,5.41,-5.89,1.67,False,1.0,63.73,km/h and m/s^2,telemetry-calibrated ground plane (estimate),1.76,0.63,measured_size
2808,lgv,15,0.47,0.38,,,,0.38,0.38,,0.0,0.0,0.0,0.0,0.0,False,0.0,1.46,km/h and m/s^2,telemetry-calibrated ground plane (estimate),3.03,2.12,measured_size_overrides_model
2815,car,23,1.7,0.44,,,,0.8,0.84,,0.51,-0.12,0.6,-0.19,0.19,False,0.0,1.38,km/h and m/s^2,telemetry-calibrated ground plane (estimate),2.1,2.05,measured_size
2826,car,49,3.84,0.14,,,,0.31,0.31,,0.22,-0.19,0.24,-0.24,0.11,False,0.0,0.73,km/h and m/s^2,telemetry-calibrated ground plane (estimate),1.72,0.79,measured_size
2830,pedestrian,16,0.5,0.88,,,,0.89,0.89,,0.03,0.0,0.03,0.0,0.01,False,0.0,3.97,km/h and m/s^2,telemetry-calibrated ground plane (estimate),0.88,0.39,model_reliable_for_this_class
2839,car,13,0.4,,,,,,,,0.0,0.0,0.0,0.0,0.0,False,0.0,,km/h and m/s^2,telemetry-calibrated ground plane (estimate),,,model_only_insufficient_geometry
2860,motorcycle,51,3.57,0.53,,,,1.0,1.02,,0.28,-0.42,0.31,-0.46,0.19,False,0.0,1.94,km/h and m/s^2,telemetry-calibrated ground plane (estimate),1.63,0.71,model_reliable_for_this_class
2862,lgv,103,3.4,20.8,20.8,21.77,23.13,23.83,23.86,5.78,3.28,-2.41,4.19,-2.61,1.36,False,1.0,58.47,km/h and m/s^2,telemetry-calibrated ground plane (estimate),3.02,1.94,measured_size_overrides_model
2876,car,24,0.77,0.36,,,,0.45,0.45,,0.31,-0.3,0.35,-0.34,0.14,False,0.0,1.34,km/h and m/s^2,telemetry-calibrated ground plane (estimate),2.92,2.17,measured_size
2885,car,86,2.84,21.41,21.41,21.7,22.59,22.65,22.67,5.95,2.96,-2.67,2.99,-2.82,0.77,False,1.0,126.74,km/h and m/s^2,telemetry-calibrated ground plane (estimate),1.98,0.24,measured_size
2898,pedestrian,40,1.3,3.61,4.17,3.8,5.67,6.01,6.08,1.16,2.98,-2.6,3.43,-2.77,1.24,False,0.65,11.69,km/h and m/s^2,telemetry-calibrated ground plane (estimate),1.6,0.24,model_reliable_for_this_class
2905,car,47,2.27,0.3,,,,0.73,0.74,,0.53,-0.11,0.57,-0.11,0.13,False,0.0,1.02,km/h and m/s^2,telemetry-calibrated ground plane (estimate),1.62,1.52,measured_size
2907,lgv,26,0.83,0.91,,,,1.1,1.1,,0.35,-0.1,0.36,-0.11,0.14,False,0.0,2.58,km/h and m/s^2,telemetry-calibrated ground plane (estimate),3.06,1.62,measured_size_overrides_model
2910,pedestrian,28,0.9,0.91,,,,1.66,1.66,,1.08,0.0,1.14,0.0,0.39,False,0.0,3.5,km/h and m/s^2,telemetry-calibrated ground plane (estimate),1.52,0.58,model_reliable_for_this_class
2912,car,55,2.17,0.93,,,,2.42,2.42,,1.42,-0.08,1.56,-0.12,0.33,False,0.0,3.09,km/h and m/s^2,telemetry-calibrated ground plane (estimate),1.87,1.28,measured_size
2913,car,48,2.14,17.93,17.93,17.49,20.13,21.13,21.29,4.98,2.45,-0.56,3.58,-0.97,0.92,False,1.0,65.27,km/h and m/s^2,telemetry-calibrated ground plane (estimate),1.08,0.84,measured_size
2914,car,64,2.1,6.02,6.02,6.25,6.95,7.1,7.11,1.67,1.85,-0.87,2.14,-0.98,0.59,False,1.0,23.69,km/h and m/s^2,telemetry-calibrated ground plane (estimate),,,model_only_insufficient_geometry
2915,motorcycle,34,1.34,19.1,19.1,18.69,21.05,23.05,23.45,5.3,3.38,-3.92,4.46,-4.26,1.84,False,1.0,62.33,km/h and m/s^2,telemetry-calibrated ground plane (estimate),3.45,0.43,model_reliable_for_this_class
2919,car,58,1.9,25.0,25.0,25.8,26.22,26.69,26.84,6.94,2.68,-3.67,3.08,-3.77,1.16,False,1.0,147.34,km/h and m/s^2,telemetry-calibrated ground plane (estimate),2.17,0.08,measured_size
2929,bus,41,1.34,0.49,,,,0.75,0.76,,0.5,-0.29,0.6,-0.38,0.16,False,0.0,2.48,km/h and m/s^2,telemetry-calibrated ground plane (estimate),4.61,2.49,measured_size_large_model_says_bus
2933,pedestrian,9,0.27,,,,,,,,0.0,0.0,0.0,0.0,0.0,False,0.0,,km/h and m/s^2,telemetry-calibrated ground plane (estimate),,,model_reliable_for_this_class
2936,pedestrian,18,0.73,2.21,,,,2.39,2.39,,0.16,-0.44,0.24,-0.58,0.19,False,0.0,11.67,km/h and m/s^2,telemetry-calibrated ground plane (estimate),1.04,0.34,model_reliable_for_this_class
2946,lgv,30,0.97,17.6,17.6,19.42,21.27,22.38,22.55,4.89,8.08,-2.51,8.72,-2.91,3.01,False,1.0,105.16,km/h and m/s^2,telemetry-calibrated ground plane (estimate),3.86,0.76,measured_size_overrides_model
2961,lgv,8,0.23,,,,,,,,0.0,0.0,0.0,0.0,0.0,False,0.0,,km/h and m/s^2,telemetry-calibrated ground plane (estimate),,,footprint_fallback_insufficient_geometry
2963,car,11,0.37,,,,,,,,,,,,,False,0.0,,km/h and m/s^2,telemetry-calibrated ground plane (estimate),,,model_only_insufficient_geometry
