track_id,class,class_source,first_t,last_t,visible_s,n_obs,path_len_m,path_len_px,mean_speed_kph,max_speed_kph,mean_speed_px_s,stationary_s,longest_stop_s,stop_start_t,entry_bearing_deg,exit_bearing_deg,turn_delta_deg,turn_type,footprint_p90_m,length_m,width_m,last_x,last_y
1,car,measured_size,0.0,11.71,11.71,349,63.2,,19.5,25.0,63.4,0.0,0.0,,290.6,285.5,-1.3,straight,3.21,2.49,2.06,1862.3,12.4
52,car,measured_size,0.0,59.96,59.96,1770,17.4,,0.8,4.2,2.5,59.53,45.75,0.0,108.6,285.0,-45.8,left,3.05,2.9,2.15,1686.9,66.9
15,lgv,measured_size_overrides_model,0.0,59.96,59.96,1795,8.0,,0.4,1.5,2.2,59.96,59.96,0.0,173.1,292.8,,unknown,3.61,3.29,1.73,438.6,999.2
19,car,model_only_insufficient_geometry,0.0,1.83,1.83,55,9.3,,18.8,20.4,113.5,0.0,0.0,,11.6,0.3,,unknown,1.3,,,1590.9,1080.0
11,car,measured_size,0.0,59.96,59.96,1798,6.3,,0.3,1.2,1.7,59.96,59.96,0.0,130.7,317.4,,unknown,3.1,2.69,2.02,543.1,937.2
50,hgv,measured_size_large,0.0,59.96,59.96,1423,10.9,,0.5,4.0,2.7,59.49,53.49,6.47,150.9,322.3,,unknown,5.11,4.77,2.12,153.1,915.3
17,car,measured_size,0.0,7.17,7.17,214,43.6,,22.1,27.2,67.9,0.0,0.0,,292.4,286.6,-1.6,straight,2.37,2.8,0.95,1813.2,11.8
28,car,measured_size,0.0,7.61,7.61,222,15.7,,7.5,11.9,30.7,0.0,0.0,,224.4,312.2,59.6,right,2.08,2.17,0.96,1165.6,445.2
32,car,measured_size_overrides_model,0.0,59.96,59.96,1296,5.6,,0.3,1.0,1.7,59.96,59.96,0.0,164.1,269.8,,unknown,2.8,2.36,1.97,852.5,932.6
54,motorcycle,model_reliable_for_this_class,0.0,2.34,2.34,55,13.1,,21.0,31.3,63.9,0.0,0.0,,288.3,291.1,2.3,straight,1.47,1.87,0.49,1728.4,69.8
45,motorcycle,model_reliable_for_this_class,0.0,8.81,8.81,232,49.0,,20.7,25.3,73.3,0.0,0.0,,288.9,298.5,2.3,straight,1.41,1.18,0.79,1652.7,120.3
14,car,measured_size,0.0,13.75,13.75,332,58.2,,15.4,27.9,70.1,0.0,0.0,,291.9,286.7,-7.4,straight,1.57,1.4,0.49,1191.6,344.5
36,car,measured_size,0.0,20.72,20.72,243,4.2,,0.6,2.1,2.4,20.72,20.72,0.0,86.2,265.0,,unknown,3.38,2.71,2.43,1471.9,518.3
22,car,measured_size,0.0,16.08,16.08,422,105.0,,23.3,41.6,92.9,0.0,0.0,,288.6,290.4,-0.6,straight,1.47,1.26,0.68,1758.1,42.5
24,motorcycle,model_reliable_for_this_class,0.0,18.59,18.59,499,118.9,,23.2,33.3,92.1,0.0,0.0,,293.1,289.9,-1.5,straight,1.46,1.38,0.5,1787.0,30.0
10,car,measured_size,0.0,59.96,59.96,1798,8.0,,0.4,2.8,2.2,59.96,59.96,0.0,143.1,297.7,,unknown,3.6,2.97,2.53,1552.9,1006.8
41,car,measured_size,0.0,7.31,7.31,165,37.3,,19.5,32.4,63.7,0.0,0.0,,291.8,291.0,0.4,straight,1.35,1.69,0.39,1751.7,55.3
7,car,measured_size,0.0,59.96,59.96,1798,10.0,,0.5,2.0,1.8,59.96,59.96,0.0,130.7,283.3,,unknown,3.15,2.98,2.3,1712.5,245.0
13,car,measured_size,0.0,17.48,17.48,525,99.6,,20.6,26.3,75.1,0.0,0.0,,292.5,287.6,-0.7,straight,3.48,2.79,2.0,1854.6,15.9
30,pedestrian,model_reliable_for_this_class,0.0,4.0,4.0,119,4.8,,4.3,8.2,15.5,0.4,0.37,1.8,219.5,259.8,,unknown,0.68,1.33,0.4,1122.7,368.7
38,motorcycle,model_reliable_for_this_class,0.0,10.81,10.81,301,63.6,,21.3,29.6,70.4,0.0,0.0,,290.8,290.7,-0.9,straight,1.38,1.44,0.57,1806.5,18.0
53,car,measured_size,0.0,16.32,16.32,96,1.2,,0.2,0.8,1.0,16.32,16.32,0.0,165.8,139.1,,unknown,1.88,1.61,1.12,572.2,596.3
25,motorcycle,model_reliable_for_this_class,0.0,16.72,16.72,333,56.8,,10.9,41.6,38.4,1.64,1.6,0.0,145.9,192.6,35.7,right,1.67,1.5,0.72,359.8,85.9
37,motorcycle,model_reliable_for_this_class,0.0,15.68,15.68,424,99.8,,22.9,36.5,83.8,0.0,0.0,,292.5,289.0,-0.9,straight,1.51,1.44,0.72,1816.5,11.2
3,car,measured_size,0.0,15.35,15.35,461,83.3,,19.6,25.8,95.6,0.0,0.0,,110.6,120.1,2.8,straight,3.43,2.75,1.74,86.1,1080.0
40,motorcycle,model_reliable_for_this_class,0.0,14.38,14.38,391,78.3,,19.6,36.0,69.1,0.0,0.0,,290.3,289.0,0.9,straight,1.25,1.53,0.4,1788.4,18.5
34,motorcycle,model_reliable_for_this_class,0.0,6.57,6.57,183,16.9,,9.8,14.2,39.6,0.0,0.0,,290.7,276.8,-8.6,straight,1.29,0.99,0.87,1128.0,374.6
9,car,measured_size,0.0,59.96,59.96,1798,7.5,,0.4,1.5,1.5,59.96,59.96,0.0,134.5,296.7,,unknown,3.16,2.57,2.39,1400.3,442.4
20,car,measured_size,0.0,9.84,9.84,283,2.7,,0.7,4.5,3.4,9.34,5.44,4.4,137.4,271.6,,unknown,3.2,2.66,2.17,855.4,743.6
43,lgv,measured_size_overrides_model,0.0,14.21,14.21,426,12.5,,3.2,9.3,17.0,7.87,7.84,2.27,27.7,356.4,-37.9,left,3.2,3.4,1.5,931.8,1079.2
46,pedestrian,model_reliable_for_this_class,0.0,11.24,11.24,301,2.2,,0.6,1.5,2.1,11.24,11.24,0.0,184.5,355.7,,unknown,0.79,1.67,0.31,456.7,211.8
12,car,measured_size,0.0,1.33,1.33,40,7.1,,20.2,22.9,56.3,0.0,0.0,,288.4,289.4,,unknown,3.3,2.55,2.11,1863.0,14.2
18,car,measured_size,0.0,53.29,53.29,1521,12.2,,0.6,2.3,2.1,53.29,53.29,0.0,110.0,186.5,33.2,right,2.36,1.88,1.68,468.0,267.2
51,pedestrian,model_reliable_for_this_class,0.0,34.0,34.0,977,4.5,,0.4,2.8,1.8,34.0,34.0,0.0,168.2,38.7,,unknown,0.69,1.4,0.37,506.8,648.2
27,car,measured_size,0.0,5.17,5.17,150,24.8,,17.4,19.4,98.7,0.0,0.0,,115.3,114.5,-1.9,straight,1.55,1.38,0.52,194.8,1071.1
21,car,measured_size,0.0,5.87,5.87,141,36.9,,23.2,29.5,129.1,0.0,0.0,,114.4,111.9,-2.2,straight,1.68,1.54,0.38,168.2,1066.7
42,car,measured_size,0.0,1.83,1.83,34,10.4,,22.8,30.2,65.6,0.0,0.0,,290.2,289.1,,unknown,1.37,1.73,0.46,1816.6,25.2
6,lgv,measured_size_overrides_model,0.0,12.61,12.61,375,21.3,,6.0,17.5,30.0,6.44,4.74,5.84,290.7,42.4,91.7,right,3.76,3.34,1.12,787.0,692.1
48,car,measured_size,0.0,59.96,59.96,1798,9.5,,0.4,1.5,1.8,59.96,59.96,0.0,230.2,281.9,,unknown,1.92,1.79,1.37,584.0,461.8
4,lgv,measured_size_overrides_model,0.0,59.96,59.96,1798,9.1,,0.5,4.0,1.8,59.39,39.37,0.0,146.4,321.1,,unknown,3.82,3.11,2.82,1429.3,457.8
47,car,measured_size,0.0,2.5,2.5,34,0.2,,0.4,0.6,1.5,2.5,2.5,0.0,186.0,118.8,,unknown,1.4,1.11,0.88,1479.0,448.4
8,car,measured_size,0.0,13.81,13.81,415,76.6,,20.0,23.2,68.0,0.0,0.0,,290.2,284.4,-1.1,straight,2.38,2.45,1.06,1818.5,10.5
29,pedestrian,model_reliable_for_this_class,0.0,38.3,38.3,975,5.1,,0.4,4.0,1.9,37.54,37.27,0.0,186.4,239.8,,unknown,0.81,1.2,0.52,564.0,609.6
16,car,measured_size,0.0,59.96,59.96,1732,7.2,,0.4,1.2,1.7,59.96,59.96,0.0,145.8,326.5,,unknown,1.94,1.64,1.28,928.2,765.0
2,car,measured_size,0.0,15.05,15.05,446,87.7,,21.2,26.8,74.6,0.0,0.0,,293.7,287.6,-2.0,straight,3.42,2.77,2.15,1849.5,13.8
23,car,measured_size,0.0,10.14,10.14,266,52.1,,18.5,24.7,59.0,0.0,0.0,,293.0,288.5,0.5,straight,1.33,1.5,0.51,1803.8,10.7
5,car,measured_size,0.0,3.67,3.67,100,19.9,,19.8,29.6,56.4,0.0,0.0,,290.5,288.6,-0.8,straight,3.19,2.51,1.96,1869.6,17.9
35,car,measured_size,0.0,59.96,59.96,1647,13.7,,0.6,4.2,3.2,59.66,45.85,0.0,139.6,298.0,-78.4,left,2.51,2.14,1.34,1624.4,1024.0
39,car,measured_size,0.0,59.96,59.96,1670,12.8,,0.6,3.5,2.1,59.76,32.5,27.46,195.3,11.5,-32.6,left,2.45,2.04,1.5,516.4,328.8
58,car,measured_size,0.07,3.17,3.1,89,16.2,,19.1,22.6,71.7,0.0,0.0,,112.1,119.3,4.6,straight,1.46,1.31,0.88,1315.3,434.6
56,car,measured_size,0.07,4.07,4.0,38,0.4,,0.3,0.6,1.4,4.0,4.0,0.07,165.4,153.3,,unknown,1.79,1.58,1.27,835.1,758.6
64,car,measured_size,0.1,2.07,1.97,31,10.6,,20.3,30.9,60.6,0.0,0.0,,291.4,289.5,,unknown,1.46,2.01,0.47,1736.8,53.6
70,pedestrian,model_reliable_for_this_class,0.13,0.6,0.47,15,0.1,,0.4,0.4,1.4,0.47,0.47,0.13,232.3,232.3,,unknown,0.79,0.98,0.73,962.1,480.5
80,hgv,measured_size_large,0.17,5.44,5.27,153,30.7,,21.1,24.5,64.7,0.0,0.0,,291.2,289.5,-0.6,straight,6.73,5.91,4.05,1806.7,61.6
87,car,measured_size,0.23,6.81,6.57,198,38.8,,21.4,27.5,116.1,0.0,0.0,,293.9,288.7,-1.8,straight,1.88,1.69,0.23,715.9,639.5
91,pedestrian,model_reliable_for_this_class,0.23,18.89,18.65,548,2.6,,0.4,1.6,1.8,18.65,18.65,0.23,148.5,337.1,,unknown,0.6,0.96,0.33,886.4,506.6
97,car,measured_size,0.27,59.96,59.69,1615,10.4,,0.5,2.5,1.9,59.69,59.69,0.27,155.0,245.1,,unknown,2.0,1.98,1.42,573.6,437.7
96,motorcycle,model_reliable_for_this_class,0.27,6.81,6.54,72,0.6,,0.4,1.3,1.4,6.54,6.54,0.27,146.9,205.4,,unknown,1.02,1.35,0.73,1486.0,168.1
113,car,measured_size,0.37,15.62,15.25,403,59.3,,14.3,17.8,73.5,0.0,0.0,,106.0,116.5,-3.5,straight,1.41,1.29,0.45,186.2,1079.2
120,car,measured_size,0.43,20.82,20.39,242,4.1,,1.0,8.0,4.1,18.72,18.62,0.43,162.0,202.9,,unknown,1.06,0.99,0.69,679.9,534.1
125,car,measured_size,0.47,13.81,13.35,362,64.0,,17.3,24.6,56.7,0.0,0.0,,298.0,284.7,-1.3,straight,2.35,2.56,0.95,1842.1,21.8
129,bus,measured_size_large_model_says_bus,0.5,1.87,1.37,41,0.2,,0.4,0.9,2.1,1.37,1.37,0.5,154.5,253.6,,unknown,5.03,4.64,2.08,153.2,910.6
133,lgv,measured_size_overrides_model,0.53,28.53,28.0,665,3.3,,0.4,1.3,1.9,27.99,28.0,0.53,144.9,325.0,,unknown,3.39,3.21,1.46,254.3,1079.6
134,car,measured_size,0.57,16.15,15.58,437,68.8,,16.2,20.4,81.5,0.0,0.0,,110.1,115.4,-1.3,straight,1.45,1.29,0.39,140.0,1079.9
138,car,measured_size,0.57,8.14,7.57,228,30.8,,14.7,19.4,80.5,0.0,0.0,,39.4,323.2,-24.2,straight,3.39,2.78,0.92,1596.4,1080.0
139,pedestrian,model_reliable_for_this_class,0.57,1.0,0.43,14,0.0,,,,,0.0,0.0,,,,,unknown,0.87,,,1416.8,171.1
137,hgv,measured_size_large,0.57,7.01,6.44,52,1.0,,0.6,1.5,2.5,6.44,6.44,0.57,228.4,243.6,,unknown,3.69,5.99,2.2,1353.4,559.3
146,lgv,measured_size_overrides_model,0.63,2.64,2.0,60,0.5,,0.8,1.3,2.6,2.0,2.0,0.63,145.0,141.1,,unknown,2.97,3.12,2.56,1687.2,66.8
157,pedestrian,model_reliable_for_this_class,0.73,8.31,7.57,204,1.5,,0.6,1.6,2.3,7.57,7.57,0.73,130.1,219.8,,unknown,0.77,1.2,0.37,1494.4,368.3
159,lgv,measured_size_overrides_model,0.77,27.26,26.49,214,3.1,,0.4,2.0,1.7,26.49,26.49,0.77,178.1,1.1,,unknown,4.3,3.83,3.06,1363.5,688.3
160,car,measured_size,0.77,24.49,23.72,465,9.4,,1.0,3.0,5.1,23.62,18.55,5.94,247.4,236.3,,unknown,3.69,2.8,2.29,1551.5,932.5
166,pedestrian,model_reliable_for_this_class,0.87,1.4,0.53,17,0.2,,1.0,1.2,3.8,0.53,0.53,0.87,256.3,255.1,,unknown,0.69,1.49,0.2,1302.2,512.2
171,car,measured_size,0.9,2.44,1.53,36,8.5,,22.1,29.4,62.4,0.0,0.0,,288.3,288.7,,unknown,1.42,2.08,0.31,1809.8,25.9
177,car,measured_size,1.0,20.32,19.32,522,104.8,,19.6,30.7,90.3,0.0,0.0,,292.9,289.8,-1.2,straight,1.6,1.28,0.68,1542.7,196.1
179,car,measured_size,1.03,59.59,58.56,1282,10.8,,0.5,2.5,1.8,58.56,58.56,1.03,217.6,243.3,,unknown,1.59,2.45,0.86,443.3,239.1
180,pedestrian,model_reliable_for_this_class,1.03,5.51,4.47,58,0.7,,0.4,0.9,1.4,4.47,4.47,1.03,162.3,135.7,,unknown,0.74,1.8,0.49,1274.8,178.7
186,car,measured_size,1.1,13.98,12.88,373,68.9,,19.3,26.9,98.1,0.0,0.0,,113.2,113.4,-0.1,straight,1.44,1.24,0.51,64.1,1073.6
189,motorcycle,model_reliable_for_this_class,1.13,10.91,9.78,217,57.2,,21.2,34.8,70.4,0.0,0.0,,285.4,289.6,3.8,straight,1.62,1.3,0.56,1776.9,48.4
188,car,measured_size,1.13,9.58,8.44,252,39.4,,16.8,27.8,92.4,0.0,0.0,,293.6,286.8,-1.9,straight,1.74,1.46,0.38,720.5,669.8
203,car,model_only_insufficient_geometry,1.33,5.04,3.7,20,0.5,,1.0,1.8,3.4,3.7,3.7,1.33,184.8,184.4,,unknown,3.12,,,470.6,284.8
209,pedestrian,model_reliable_for_this_class,1.4,2.13,0.73,23,0.2,,0.5,0.9,1.5,0.73,0.73,1.4,101.6,86.9,,unknown,0.76,,,1498.7,148.1
217,pedestrian,model_reliable_for_this_class,1.47,4.4,2.94,89,0.4,,0.5,1.1,1.9,2.94,2.94,1.47,160.6,158.5,,unknown,0.53,1.0,0.32,1520.6,407.2
215,motorcycle,model_reliable_for_this_class,1.47,6.21,4.74,127,10.8,,8.3,10.2,27.8,0.0,0.0,,279.8,281.9,,unknown,1.33,1.38,0.72,1458.9,193.3
218,motorcycle,model_reliable_for_this_class,1.5,8.78,7.27,131,39.3,,19.6,44.5,64.2,0.0,0.0,,288.2,287.9,-1.0,straight,1.32,1.53,0.48,1772.2,62.4
223,car,measured_size,1.67,43.14,41.48,552,3.4,,0.3,0.8,1.6,41.48,41.48,1.67,173.4,156.0,,unknown,1.17,1.06,0.9,754.1,991.8
232,car,measured_size,1.77,29.8,28.03,841,137.5,,17.7,30.2,74.5,1.27,0.87,10.91,292.5,288.9,-2.3,straight,3.0,2.3,1.56,1825.4,17.3
249,car,model_only_insufficient_geometry,1.9,2.27,0.37,10,0.1,,,,,0.0,0.0,,,,,unknown,1.02,,,425.3,62.5
250,pedestrian,model_reliable_for_this_class,1.94,3.27,1.33,40,0.7,,1.5,2.2,4.9,1.33,1.33,1.94,151.0,66.0,,unknown,0.67,2.42,0.24,1060.6,264.7
269,car,measured_size,2.2,8.07,5.87,125,29.4,,18.1,26.8,55.1,0.0,0.0,,286.0,297.0,5.2,straight,1.3,1.62,0.42,1791.2,28.9
271,car,measured_size,2.24,59.96,57.72,1721,145.1,,9.0,25.4,31.2,18.22,16.68,26.19,108.4,289.6,177.0,u-turn,2.25,2.03,1.23,1727.0,66.4
276,motorcycle,model_reliable_for_this_class,2.3,2.74,0.43,10,1.2,,,,,0.0,0.0,,,,,unknown,1.31,,,1533.1,171.3
279,car,measured_size,2.34,13.71,11.38,325,70.3,,22.5,26.9,113.4,0.0,0.0,,290.7,298.2,2.1,straight,1.57,1.25,0.49,1152.4,445.0
288,bus,measured_size_large_model_says_bus,2.54,3.5,0.97,30,0.1,,0.3,0.5,1.5,0.97,0.97,2.54,174.4,130.3,,unknown,5.11,4.71,2.11,149.1,909.8
298,car,measured_size,2.67,6.24,3.57,36,0.3,,0.3,0.9,1.6,3.57,3.57,2.67,171.6,172.2,,unknown,2.77,2.21,1.97,1620.0,984.9
301,car,model_only_insufficient_geometry,2.7,3.07,0.37,12,0.0,,,,,0.0,0.0,,,,,unknown,3.45,,,249.7,1079.6
304,pedestrian,model_reliable_for_this_class,2.7,3.7,1.0,31,0.2,,0.8,1.1,3.1,1.0,1.0,2.7,1.8,343.1,,unknown,0.76,1.46,0.36,1304.3,218.4
306,car,measured_size,2.74,9.04,6.31,175,13.0,,7.5,11.1,30.7,0.0,0.0,,229.6,316.8,49.3,right,1.24,1.47,0.62,1153.8,446.3
321,car,model_only_insufficient_geometry,2.94,3.4,0.47,15,0.0,,0.1,0.1,0.7,0.47,0.47,2.94,2.7,2.7,,unknown,2.84,,,807.3,960.3
325,motorcycle,model_reliable_for_this_class,3.0,26.09,23.09,552,85.6,,13.8,22.2,47.8,0.0,0.0,,209.2,286.3,45.5,right,1.38,1.46,0.5,1805.4,10.0
327,pedestrian,model_reliable_for_this_class,3.04,8.64,5.61,87,5.0,,3.2,7.9,10.9,2.34,1.07,4.3,295.1,281.7,,unknown,0.83,1.24,0.23,1366.2,199.5
329,car,measured_size,3.07,19.05,15.98,424,97.7,,22.3,42.6,104.9,0.0,0.0,,295.0,291.4,-1.4,straight,1.78,1.37,0.67,1495.1,235.6
349,car,measured_size,3.47,55.66,52.19,1179,9.0,,0.5,2.4,1.7,52.19,52.19,3.47,133.9,308.0,,unknown,2.26,1.77,1.65,482.9,291.5
351,car,model_only_insufficient_geometry,3.54,5.44,1.9,46,5.4,,11.1,13.9,66.6,0.0,0.0,,187.1,186.3,,unknown,1.42,,,1408.0,977.0
356,motorcycle,model_reliable_for_this_class,3.6,4.37,0.77,22,3.2,,16.2,16.9,49.7,0.0,0.0,,287.2,289.1,,unknown,1.2,1.54,0.39,1608.8,123.6
365,car,measured_size,3.74,19.45,15.72,456,70.1,,16.2,20.1,81.3,0.0,0.0,,111.2,113.5,3.5,straight,1.47,1.19,0.69,161.7,1076.5
385,pedestrian,model_reliable_for_this_class,3.9,4.87,0.97,17,0.3,,1.4,1.8,5.5,0.97,0.97,3.9,148.8,156.1,,unknown,0.6,1.55,0.4,626.7,221.0
386,pedestrian,model_reliable_for_this_class,3.9,5.81,1.9,17,0.2,,0.2,0.3,1.0,1.9,1.9,3.9,140.1,129.9,,unknown,1.62,2.07,1.15,761.3,681.3
402,bus,measured_size_large_model_says_bus,4.07,5.64,1.57,28,0.7,,1.4,2.1,6.6,1.57,1.57,4.07,176.2,144.5,,unknown,5.79,4.9,2.9,134.6,907.1
415,car,model_only_insufficient_geometry,4.3,4.71,0.4,13,0.0,,,,,0.0,0.0,,,,,unknown,2.88,,,803.8,958.8
417,car,measured_size,4.3,12.61,8.31,117,0.6,,0.2,0.7,1.3,8.31,8.31,4.3,323.2,82.6,,unknown,2.26,1.77,0.86,1611.3,986.3
425,car,measured_size,4.37,6.87,2.5,76,6.2,,9.0,12.2,53.6,0.0,0.0,,146.4,205.0,,unknown,3.74,2.5,1.64,1408.0,997.9
429,car,measured_size,4.4,11.85,7.44,26,0.3,,0.1,0.1,0.4,7.44,7.44,4.4,291.1,295.8,,unknown,2.46,1.88,1.68,1433.6,809.3
427,motorcycle,model_reliable_for_this_class,4.4,4.94,0.53,17,0.1,,0.4,0.5,1.8,0.53,0.53,4.4,75.6,74.9,,unknown,0.86,1.16,0.38,948.1,487.8
433,car,measured_size_overrides_model,4.47,5.71,1.24,38,0.5,,0.8,1.3,2.6,1.24,1.24,4.47,86.6,331.5,,unknown,3.01,2.91,1.92,1684.5,66.0
439,lgv,measured_size_overrides_model,4.67,18.22,13.55,406,54.1,,14.4,24.0,77.3,0.0,0.0,,145.0,140.0,-27.2,left,3.79,3.38,1.28,62.9,1080.0
458,car,model_only_insufficient_geometry,5.14,5.37,0.23,8,0.0,,,,,0.0,0.0,,,,,unknown,2.85,,,802.8,959.2
474,pedestrian,model_reliable_for_this_class,5.3,23.86,18.55,331,12.9,,2.2,7.8,9.2,9.51,7.34,5.3,55.3,45.6,55.2,right,0.58,0.93,0.28,882.8,723.3
481,car,measured_size,5.41,59.96,54.55,1367,7.7,,0.4,1.1,1.9,54.55,54.55,5.41,315.4,301.8,,unknown,1.98,1.72,1.06,964.4,769.0
480,car,measured_size,5.41,20.02,14.61,366,99.6,,24.8,37.7,115.8,0.0,0.0,,291.3,292.5,1.4,straight,1.77,1.29,0.69,1507.3,229.2
509,car,model_only_insufficient_geometry,5.84,6.27,0.43,14,0.7,,,,,0.0,0.0,,,,,unknown,1.13,,,1071.1,496.5
515,car,measured_size,5.94,36.1,30.16,888,97.6,,11.8,20.8,49.6,3.9,3.87,16.75,308.2,198.4,-95.3,left,3.14,2.91,1.23,344.4,68.0
522,car,model_only_insufficient_geometry,6.04,6.34,0.3,10,0.9,,,,,0.0,0.0,,,,,unknown,1.34,,,1034.7,454.9
527,pedestrian,model_reliable_for_this_class,6.11,7.11,1.0,31,0.2,,0.5,0.8,2.0,1.0,1.0,6.11,348.1,50.6,,unknown,0.65,1.71,0.54,741.4,506.0
553,lgv,measured_size_overrides_model,6.61,7.67,1.07,33,0.1,,0.2,0.4,1.3,1.07,1.07,6.61,27.0,109.2,,unknown,2.87,3.09,1.9,805.9,959.8
555,pedestrian,model_reliable_for_this_class,6.64,7.41,0.77,9,0.2,,,,,0.0,0.0,,,,,unknown,0.58,,,1036.6,282.8
557,bus,model_only_insufficient_geometry,6.67,7.11,0.43,14,0.1,,,,,0.0,0.0,,,,,unknown,5.09,,,147.2,910.3
563,car,model_only_insufficient_geometry,6.71,8.18,1.47,12,0.2,,,,,0.0,0.0,,,,,unknown,3.5,,,776.3,678.7
564,car,measured_size,6.74,30.7,23.96,657,129.5,,19.3,31.6,82.7,0.0,0.0,,108.5,113.0,2.7,straight,1.52,1.31,0.64,145.0,1063.6
578,car,measured_size,7.01,31.63,24.62,644,136.0,,19.5,37.9,85.1,0.0,0.0,,295.0,289.3,-1.3,straight,1.59,1.29,0.55,1811.9,15.8
583,lgv,measured_size_overrides_model,7.04,9.88,2.84,86,7.8,,9.9,12.2,58.5,0.0,0.0,,147.8,204.0,,unknown,4.54,3.87,1.43,1401.4,979.5
585,motorcycle,model_reliable_for_this_class,7.07,23.99,16.92,443,93.5,,19.6,31.6,72.6,0.0,0.0,,293.2,290.3,-2.7,straight,1.4,1.18,0.68,1802.2,21.1
587,lgv,footprint_fallback_insufficient_geometry,7.11,7.41,0.3,10,0.1,,,,,0.0,0.0,,,,,unknown,2.66,,,1685.0,63.5
598,car,measured_size,7.31,11.31,4.0,88,16.2,,14.9,20.1,80.4,0.0,0.0,,190.0,204.2,11.0,straight,1.28,1.42,0.34,1197.2,711.1
603,car,model_only_insufficient_geometry,7.37,8.04,0.67,16,0.6,,2.8,2.9,16.2,0.67,0.67,7.37,189.3,196.2,,unknown,1.96,,,1345.0,940.1
602,pedestrian,model_reliable_for_this_class,7.37,11.51,4.14,35,7.8,,6.9,25.5,35.5,0.0,0.0,,217.5,200.5,,unknown,1.11,1.21,0.51,1291.4,764.5
606,motorcycle,model_reliable_for_this_class,7.44,13.88,6.44,83,0.6,,0.3,0.8,1.1,6.44,6.44,7.44,211.1,167.8,,unknown,1.12,1.26,0.69,1132.1,369.4
621,pedestrian,model_reliable_for_this_class,7.74,14.91,7.17,216,0.9,,0.4,2.1,1.6,7.17,7.17,7.74,192.3,116.1,,unknown,0.58,0.96,0.2,1287.0,511.2
622,lgv,measured_size_overrides_model,7.77,10.34,2.57,78,1.0,,1.4,2.4,7.2,2.57,2.57,7.77,170.3,23.6,,unknown,2.9,3.23,1.52,815.6,974.9
627,car,measured_size,7.84,21.25,13.41,362,66.3,,18.0,24.4,58.9,0.0,0.0,,290.8,289.3,-0.0,straight,2.41,2.62,0.91,1851.3,16.3
631,car,measured_size,7.97,34.9,26.93,721,132.9,,17.6,36.9,75.7,0.0,0.0,,298.6,290.5,-3.8,straight,1.6,1.37,0.56,1787.3,23.6
637,car,measured_size,8.11,12.01,3.9,37,0.1,,0.1,0.3,0.4,3.9,3.9,8.11,113.2,122.2,,unknown,1.46,1.19,0.71,1474.3,446.7
648,lgv,footprint_fallback_insufficient_geometry,8.38,8.61,0.23,8,0.0,,,,,0.0,0.0,,,,,unknown,3.65,,,433.8,995.8
654,pedestrian,model_reliable_for_this_class,8.51,9.21,0.7,22,1.5,,8.6,9.4,36.2,0.0,0.0,,241.8,242.4,,unknown,0.69,1.46,0.48,1074.0,598.8
657,pedestrian,model_reliable_for_this_class,8.57,19.25,10.68,315,2.1,,0.6,1.6,1.9,10.68,10.68,8.57,68.5,242.4,,unknown,1.03,1.57,0.62,1462.7,188.1
664,pedestrian,model_reliable_for_this_class,8.71,18.62,9.91,258,5.7,,1.9,3.7,6.8,9.48,3.94,11.81,292.1,283.7,,unknown,0.84,1.35,0.41,1396.1,183.7
681,car,measured_size,9.21,27.76,18.55,427,1.5,,0.2,0.7,1.1,18.55,18.55,9.21,336.3,342.8,,unknown,1.79,1.64,1.36,832.5,763.9
683,car,model_only_insufficient_geometry,9.28,9.64,0.37,10,0.1,,,,,0.0,0.0,,,,,unknown,1.62,,,1261.7,858.1
693,car,measured_size,9.41,50.98,41.58,1138,119.9,,10.4,42.4,40.0,9.48,9.41,25.49,150.3,287.5,93.0,right,3.23,2.91,1.68,1866.2,21.1
700,bus,model_only_insufficient_geometry,9.44,9.91,0.47,14,0.0,,,,,0.0,0.0,,,,,unknown,5.0,,,148.3,910.1
698,car,model_only_insufficient_geometry,9.44,9.71,0.27,9,0.0,,,,,0.0,0.0,,,,,unknown,2.68,,,1685.3,63.4
705,car,measured_size,9.51,22.69,13.18,76,2.0,,0.7,2.7,1.9,13.18,13.18,9.51,136.1,36.1,,unknown,1.23,1.34,0.79,417.3,62.5
713,pedestrian,model_reliable_for_this_class,9.68,10.54,0.87,27,1.2,,5.2,6.2,26.5,0.0,0.0,,215.2,208.4,,unknown,0.97,1.39,0.15,1310.9,785.8
719,lgv,measured_size_overrides_model,9.74,22.42,12.68,107,1.1,,0.2,0.8,0.9,12.68,12.68,9.74,144.3,230.6,,unknown,4.67,4.31,1.76,549.1,597.9
722,car,measured_size_overrides_model,9.81,12.68,2.87,45,0.6,,0.8,1.5,2.6,2.87,2.87,9.81,125.4,136.2,,unknown,3.16,2.99,2.31,1683.2,64.9
742,car,model_only_insufficient_geometry,10.14,10.54,0.4,8,0.1,,,,,0.0,0.0,,,,,unknown,2.0,,,1355.8,940.9
748,car,measured_size,10.21,59.96,49.75,1260,7.3,,0.4,7.1,2.0,49.25,47.48,12.48,329.6,309.4,,unknown,3.18,2.68,2.1,850.2,763.5
753,pedestrian,model_reliable_for_this_class,10.31,13.68,3.37,83,1.7,,0.9,2.9,3.7,3.37,3.37,10.31,42.5,63.6,,unknown,0.61,1.78,0.31,777.4,532.5
766,pedestrian,model_reliable_for_this_class,10.44,17.05,6.61,108,0.9,,0.5,1.6,1.5,6.61,6.61,10.44,286.3,100.5,,unknown,0.64,1.68,0.28,1489.0,147.6
765,lgv,measured_size_overrides_model,10.44,11.08,0.63,20,0.8,,4.6,5.0,23.4,0.0,0.0,,165.4,162.3,,unknown,3.67,3.31,1.08,1188.3,787.0
773,pedestrian,model_reliable_for_this_class,10.54,12.01,1.47,37,5.0,,12.5,15.5,49.2,0.0,0.0,,250.9,266.0,,unknown,0.89,1.49,0.18,1118.8,470.7
774,car,measured_size,10.54,25.19,14.65,416,52.7,,13.5,27.0,70.3,2.44,1.1,11.58,62.9,112.4,34.9,right,1.4,1.41,0.31,104.8,1065.3
775,car,measured_size,10.58,22.22,11.65,182,59.7,,18.6,44.2,62.3,0.0,0.0,,289.6,287.3,0.2,straight,1.36,1.63,0.42,1818.5,15.6
799,motorcycle,model_reliable_for_this_class,10.81,11.04,0.23,8,0.5,,,,,0.0,0.0,,,,,unknown,1.46,,,505.5,901.3
836,pedestrian,model_reliable_for_this_class,11.78,16.52,4.74,88,2.1,,1.4,3.9,5.7,4.67,2.7,11.78,260.2,285.5,,unknown,0.8,1.23,0.25,1252.2,543.5
860,pedestrian,model_reliable_for_this_class,12.25,15.38,3.14,56,0.8,,0.8,3.0,2.9,3.14,3.14,12.25,312.4,127.0,,unknown,1.05,1.54,0.57,1461.6,189.7
864,pedestrian,model_reliable_for_this_class,12.35,17.68,5.34,86,0.5,,0.3,0.7,1.0,5.34,5.34,12.35,259.1,88.1,,unknown,0.83,1.39,0.38,1480.5,170.7
866,pedestrian,model_reliable_for_this_class,12.38,18.65,6.27,150,1.8,,0.8,2.1,2.8,6.27,6.27,12.38,142.5,92.7,,unknown,0.77,1.52,0.6,451.1,207.5
869,lgv,measured_size_overrides_model,12.45,25.73,13.28,392,39.0,,10.7,20.7,58.7,1.27,1.24,14.51,21.6,130.0,52.1,right,3.49,3.16,1.39,168.9,1080.0
877,car,measured_size,12.58,14.65,2.07,62,5.7,,10.0,14.1,59.7,0.0,0.0,,145.4,209.1,,unknown,3.53,2.46,1.58,1407.8,1002.3
880,car,measured_size,12.61,29.96,17.35,381,119.9,,24.7,56.6,107.2,0.0,0.0,,292.0,290.3,-0.7,straight,1.58,1.32,0.68,1782.5,61.3
885,car,measured_size,12.68,22.92,10.24,245,1.3,,0.4,0.7,1.7,10.24,10.24,12.68,142.5,289.6,,unknown,3.2,2.74,2.18,842.9,761.5
889,car,measured_size,12.71,14.01,1.3,33,1.8,,4.9,7.1,21.8,0.0,0.0,,311.6,285.8,,unknown,2.92,2.09,1.68,517.7,430.2
892,car,measured_size_overrides_model,12.75,13.21,0.47,15,0.0,,0.1,0.1,0.7,0.47,0.47,12.75,314.5,314.5,,unknown,3.18,2.99,1.26,248.8,1079.3
895,car,measured_size,12.88,14.58,1.7,48,0.5,,0.9,1.3,2.4,1.7,1.7,12.88,54.3,96.4,,unknown,3.13,2.81,2.33,1681.6,67.3
899,car,measured_size,12.95,21.19,8.24,205,23.1,,10.2,17.0,48.0,0.0,0.0,,309.8,356.5,34.7,right,1.47,1.32,0.69,1160.2,737.0
901,motorcycle,model_reliable_for_this_class,12.98,20.12,7.14,186,13.1,,6.5,12.3,28.6,0.33,0.27,12.98,95.0,106.6,17.7,straight,1.0,1.47,0.33,791.0,684.1
904,pedestrian,model_reliable_for_this_class,13.15,20.99,7.84,159,0.7,,0.4,1.0,1.6,7.84,7.84,13.15,106.3,98.4,,unknown,0.63,1.07,0.25,1513.7,411.1
909,pedestrian,model_reliable_for_this_class,13.35,16.78,3.44,87,0.3,,0.3,0.5,1.7,3.44,3.44,13.35,100.2,170.7,,unknown,0.67,0.54,0.48,851.5,945.4
915,lgv,measured_size_overrides_model,13.41,47.25,33.83,999,95.9,,10.2,32.7,36.5,11.81,6.37,26.36,188.5,289.1,67.9,right,3.13,3.03,1.49,1860.3,14.3
913,car,measured_size,13.41,37.2,23.79,669,130.8,,19.8,36.0,84.5,0.0,0.0,,293.5,288.2,-1.5,straight,1.68,1.37,0.63,1787.9,32.6
927,motorcycle,model_reliable_for_this_class,13.81,14.41,0.6,13,2.3,,,,,0.0,0.0,,,,,unknown,1.33,,,1261.8,374.9
934,car,measured_size,13.98,36.17,22.19,607,130.8,,21.5,32.3,92.6,0.0,0.0,,292.8,290.5,-1.6,straight,1.57,1.39,0.59,1802.3,30.9
937,lgv,measured_size_overrides_model,14.01,28.23,14.21,426,51.5,,13.1,23.7,69.8,0.0,0.0,,138.3,130.7,-29.5,left,3.67,3.28,1.41,141.9,1080.0
951,pedestrian,model_reliable_for_this_class,14.31,17.82,3.5,96,8.9,,9.1,13.9,36.0,0.0,0.0,,223.7,262.1,,unknown,0.76,1.48,0.47,1132.8,453.9
961,lgv,measured_size_overrides_model,14.62,21.09,6.47,31,0.2,,0.1,0.1,0.3,6.47,6.47,14.62,240.5,77.7,,unknown,3.97,3.37,3.23,1377.4,644.4
964,pedestrian,model_reliable_for_this_class,14.68,17.18,2.5,36,2.2,,3.5,6.3,12.4,0.13,0.07,15.52,267.6,282.2,,unknown,1.1,,,1482.6,410.9
970,car,measured_size,14.75,22.89,8.14,71,0.5,,0.3,0.6,1.5,8.14,8.14,14.75,147.8,353.6,,unknown,2.79,2.13,1.99,1616.3,989.8
974,car,model_only_insufficient_geometry,14.78,15.02,0.23,8,0.1,,,,,0.0,0.0,,,,,unknown,1.71,,,801.6,732.2
977,pedestrian,model_reliable_for_this_class,14.85,16.05,1.2,28,1.3,,4.3,5.9,14.7,0.0,0.0,,270.0,296.7,,unknown,0.66,1.19,0.11,1235.4,271.2
984,car,measured_size,14.95,29.0,14.05,285,53.6,,13.9,22.8,49.5,0.67,0.63,28.36,116.3,161.5,8.4,straight,1.42,1.26,0.78,1129.7,494.7
987,car,measured_size,14.98,15.92,0.93,23,0.2,,0.5,0.8,2.1,0.93,0.93,14.98,109.0,243.6,,unknown,1.99,2.45,1.35,756.0,681.2
1001,car,measured_size,15.21,21.92,6.71,92,45.3,,24.8,47.1,85.0,0.0,0.0,,297.1,292.6,-2.7,straight,1.38,1.07,0.74,1750.0,87.3
1007,pedestrian,model_reliable_for_this_class,15.31,15.72,0.4,13,0.1,,,,,0.0,0.0,,,,,unknown,0.82,,,1270.7,179.8
1025,lgv,measured_size_overrides_model,15.65,59.96,44.31,1284,76.9,,6.2,15.8,25.4,8.84,8.71,38.01,43.0,112.1,71.5,right,2.84,3.08,1.47,459.6,898.3
1031,lgv,footprint_fallback_insufficient_geometry,15.72,15.95,0.23,8,0.1,,,,,0.0,0.0,,,,,unknown,1.63,,,797.7,742.3
1040,car,measured_size,15.85,22.22,6.37,153,0.6,,0.2,0.7,1.0,6.37,6.37,15.85,4.8,75.8,,unknown,1.46,1.2,1.01,1470.3,450.0
1059,motorcycle,model_reliable_for_this_class,16.22,17.05,0.83,8,0.4,,,,,0.0,0.0,,,,,unknown,2.08,,,1276.7,769.9
1078,pedestrian,model_reliable_for_this_class,16.58,17.25,0.67,17,0.4,,2.3,2.4,11.0,0.67,0.67,16.58,52.8,54.3,,unknown,0.61,0.94,0.45,1294.4,775.8
1080,car,measured_size,16.62,31.16,14.55,323,120.1,,30.4,63.1,131.0,0.0,0.0,,294.0,288.1,-4.5,straight,1.96,1.44,0.66,1792.4,58.4
1084,pedestrian,model_reliable_for_this_class,16.72,29.5,12.78,192,1.1,,0.3,1.2,1.1,12.78,12.78,16.72,99.4,306.2,,unknown,1.04,1.22,0.69,1561.0,462.7
1086,motorcycle,model_reliable_for_this_class,16.72,19.59,2.87,42,0.3,,0.3,0.5,1.0,2.87,2.87,16.72,70.8,297.9,,unknown,1.16,1.3,0.74,1129.5,374.0
1089,lgv,footprint_fallback_insufficient_geometry,16.92,17.15,0.23,8,0.1,,,,,0.0,0.0,,,,,unknown,3.2,,,1679.8,68.5
1091,motorcycle,model_reliable_for_this_class,16.95,26.89,9.94,249,45.6,,16.7,27.2,52.4,0.0,0.0,,295.9,286.3,-4.6,straight,1.42,1.62,0.53,1800.6,9.1
1094,car,measured_size,17.15,28.7,11.55,340,46.7,,14.7,21.1,78.5,0.0,0.0,,156.9,114.7,-27.8,left,1.42,1.3,0.41,201.4,1074.2
1095,lgv,measured_size_overrides_model,17.25,33.17,15.91,460,140.6,,31.8,39.4,133.3,0.0,0.0,,304.3,285.3,-6.2,straight,4.7,3.71,2.13,1869.3,13.2
1100,car,measured_size,17.62,23.12,5.51,126,32.3,,22.3,27.6,127.8,0.0,0.0,,291.5,292.5,-0.4,straight,2.25,1.73,1.21,635.3,727.3
1109,hgv,measured_size_large,17.85,18.39,0.53,17,3.9,,27.8,27.9,165.3,0.0,0.0,,296.1,296.2,,unknown,5.3,5.22,1.18,187.6,946.3
1111,lgv,measured_size_overrides_model,17.89,42.64,24.76,696,136.6,,19.9,33.0,81.8,0.0,0.0,,293.7,290.0,-2.9,straight,3.97,3.12,1.94,1847.5,27.4
1131,car,measured_size,18.65,34.3,15.65,470,140.1,,32.4,38.3,135.1,0.0,0.0,,294.9,288.4,-4.1,straight,3.35,2.61,1.82,1863.4,13.9
1142,pedestrian,model_reliable_for_this_class,18.95,19.49,0.53,17,0.2,,1.2,1.2,3.7,0.53,0.53,18.95,225.1,226.9,,unknown,0.62,1.33,0.15,1378.8,169.5
1144,pedestrian,model_reliable_for_this_class,19.02,28.43,9.41,283,2.0,,0.5,1.4,1.9,9.41,9.41,19.02,252.1,266.7,,unknown,0.69,1.04,0.36,1495.0,371.7
1149,lgv,footprint_fallback_insufficient_geometry,19.09,19.35,0.27,8,1.0,,,,,0.0,0.0,,,,,unknown,4.83,,,357.8,865.3
1150,pedestrian,model_reliable_for_this_class,19.12,20.99,1.87,57,0.8,,1.5,2.7,4.5,1.87,1.87,19.12,258.3,251.6,,unknown,1.37,1.85,0.62,1406.9,174.6
1151,pedestrian,model_reliable_for_this_class,19.15,19.45,0.3,10,0.1,,,,,0.0,0.0,,,,,unknown,0.48,,,895.1,502.6
1154,car,model_only_insufficient_geometry,19.22,22.36,3.14,79,11.5,,14.1,16.6,82.7,0.0,0.0,,189.7,190.1,,unknown,1.45,,,1308.9,891.2
1155,car,measured_size,19.22,29.23,10.01,64,1.0,,0.3,1.2,1.1,10.01,10.01,19.22,296.2,298.4,,unknown,1.25,1.08,0.76,432.8,346.6
1160,pedestrian,model_reliable_for_this_class,19.35,26.86,7.51,185,3.8,,1.6,4.2,6.3,6.67,4.07,22.79,232.0,232.0,,unknown,0.64,1.66,0.36,778.5,532.2
1163,motorcycle,model_reliable_for_this_class,19.42,23.72,4.3,68,27.7,,23.2,43.4,83.6,0.0,0.0,,288.7,288.5,-1.8,straight,1.27,1.5,0.49,1509.2,206.6
1168,car,model_only_insufficient_geometry,19.49,19.82,0.33,10,1.7,,,,,0.0,0.0,,,,,unknown,4.73,,,434.2,828.4
1181,car,measured_size,19.95,29.13,9.18,143,0.9,,0.3,0.9,1.4,9.18,9.18,19.95,119.9,331.0,,unknown,1.94,1.57,1.17,578.3,601.4
1189,lgv,measured_size_overrides_model,20.12,45.91,25.79,770,137.8,,19.3,24.9,80.4,0.0,0.0,,95.2,115.0,5.0,straight,4.51,3.88,2.32,122.5,1079.1
1190,pedestrian,model_reliable_for_this_class,20.15,22.46,2.3,51,0.8,,0.9,2.5,2.7,2.3,2.3,20.15,164.5,233.9,,unknown,0.72,1.87,0.42,1270.8,181.9
1191,pedestrian,model_reliable_for_this_class,20.19,21.59,1.4,43,1.1,,2.7,4.3,10.1,0.9,0.47,21.12,296.5,347.3,,unknown,0.61,1.28,0.14,1295.5,238.5
1194,car,model_only_insufficient_geometry,20.35,20.72,0.37,12,2.1,,,,,0.0,0.0,,,,,unknown,4.48,,,568.2,761.7
1196,pedestrian,model_reliable_for_this_class,20.39,20.72,0.33,11,0.1,,,,,0.0,0.0,,,,,unknown,0.62,,,908.9,499.2
1199,motorcycle,model_reliable_for_this_class,20.52,32.4,11.88,261,35.7,,10.3,30.3,44.2,0.8,0.7,23.02,167.7,197.3,18.2,straight,1.55,1.35,0.66,577.8,357.5
1203,pedestrian,model_reliable_for_this_class,20.62,28.43,7.81,235,1.6,,0.6,2.1,2.0,7.81,7.81,20.62,71.6,326.3,,unknown,1.1,1.59,0.63,1469.3,192.2
1202,hgv,measured_size_large,20.62,24.62,4.0,114,16.8,,15.6,21.2,90.4,0.0,0.0,,152.2,185.6,13.6,straight,4.72,4.71,0.99,1276.0,864.9
1226,pedestrian,model_reliable_for_this_class,21.22,28.83,7.61,199,1.8,,0.7,4.0,3.0,7.31,6.87,21.95,294.3,43.4,,unknown,0.58,0.99,0.28,1292.7,515.0
1240,motorcycle,model_reliable_for_this_class,21.62,21.92,0.3,10,0.2,,,,,0.0,0.0,,,,,unknown,1.04,,,1342.3,820.1
1262,car,measured_size,21.99,26.36,4.37,127,28.9,,24.1,27.7,136.3,0.0,0.0,,112.3,112.5,0.6,straight,1.5,1.47,0.25,116.8,1059.4
1274,pedestrian,model_reliable_for_this_class,22.22,22.86,0.63,20,0.4,,2.4,2.8,8.8,0.63,0.63,22.22,295.9,298.3,,unknown,0.82,1.38,0.24,1310.2,229.7
1286,car,model_only_insufficient_geometry,22.39,23.02,0.63,8,0.8,,,,,0.0,0.0,,,,,unknown,1.08,,,632.7,462.8
1287,car,measured_size,22.39,50.42,28.03,656,45.1,,7.0,22.7,37.8,17.75,17.75,22.39,239.0,119.9,144.2,right,2.22,2.25,0.92,166.7,1080.0
1285,car,model_only_insufficient_geometry,22.39,26.76,4.37,126,21.4,,17.9,21.9,101.3,0.0,0.0,,3.1,6.7,3.2,straight,1.29,,,1582.0,1072.2
1293,car,measured_size,22.52,59.96,37.44,1121,103.9,,10.0,23.4,35.0,8.04,7.94,42.94,95.1,291.6,135.7,right,3.25,2.5,1.99,1346.1,306.7
1305,car,measured_size,22.89,24.39,1.5,43,0.4,,0.8,2.1,2.6,1.5,1.5,22.89,243.8,218.4,,unknown,3.02,2.78,1.89,1678.8,66.6
1315,car,model_only_insufficient_geometry,23.06,25.23,2.17,28,6.6,,13.6,21.1,80.0,0.0,0.0,,185.7,187.7,,unknown,1.69,,,1351.8,924.2
1318,pedestrian,model_reliable_for_this_class,23.09,23.96,0.87,27,0.8,,2.9,4.8,10.1,0.43,0.43,23.09,306.4,241.5,,unknown,0.86,2.09,0.15,603.2,254.5
1319,car,measured_size,23.12,24.29,1.17,21,0.8,,1.4,1.6,6.6,1.17,1.17,23.12,261.7,102.1,,unknown,3.07,1.99,1.4,843.0,762.7
1324,motorcycle,model_reliable_for_this_class,23.29,28.7,5.41,133,0.5,,0.3,0.8,1.0,5.41,5.41,23.29,34.0,331.8,,unknown,0.85,1.37,0.55,1484.2,169.8
1347,motorcycle,model_reliable_for_this_class,23.72,28.2,4.47,106,17.2,,13.8,22.6,47.5,0.0,0.0,,290.2,280.4,-2.5,straight,1.29,1.55,0.48,1438.1,196.4
1348,pedestrian,model_reliable_for_this_class,23.72,24.69,0.97,30,0.4,,1.4,2.4,4.3,0.97,0.97,23.72,261.3,349.3,,unknown,1.16,1.61,0.39,1323.2,220.0
1356,car,model_only_insufficient_geometry,23.92,24.42,0.5,8,1.1,,,,,0.0,0.0,,,,,unknown,2.78,,,1276.4,879.9
1385,pedestrian,model_reliable_for_this_class,24.39,25.89,1.5,46,0.2,,0.3,0.9,1.2,1.5,1.5,24.39,63.2,5.5,,unknown,0.6,1.05,0.48,1516.8,413.5
1392,car,measured_size,24.49,44.38,19.89,597,136.9,,24.9,37.0,104.6,0.0,0.0,,293.6,288.1,-1.5,straight,3.89,2.93,2.0,1832.1,21.5
1402,car,measured_size_overrides_model,24.66,26.49,1.83,55,0.2,,0.3,0.7,1.0,1.83,1.83,24.66,97.8,282.0,,unknown,3.32,2.94,2.43,1682.3,69.9
1407,car,measured_size,24.96,39.54,14.58,436,39.9,,9.9,12.8,53.3,0.0,0.0,,297.7,287.8,-5.6,straight,1.75,1.52,0.38,712.1,622.4
1416,car,measured_size,25.12,35.87,10.74,318,49.7,,16.8,22.0,90.1,0.0,0.0,,147.5,136.1,-28.6,left,3.44,2.96,1.28,156.7,1080.0
1424,car,measured_size,25.26,26.59,1.33,23,0.4,,0.5,0.9,2.3,1.33,1.33,25.26,41.8,284.8,,unknown,2.61,2.16,1.81,852.4,753.7
1428,pedestrian,model_reliable_for_this_class,25.36,25.86,0.5,16,0.5,,3.9,4.1,12.1,0.0,0.0,,222.8,223.1,,unknown,0.99,2.16,0.75,614.0,242.8
1434,car,model_only_insufficient_geometry,25.43,25.73,0.3,10,0.3,,,,,0.0,0.0,,,,,unknown,3.03,,,1006.5,726.7
1444,car,model_only_insufficient_geometry,25.66,26.19,0.53,15,1.5,,9.8,9.8,60.3,0.0,0.0,,190.6,190.6,,unknown,1.79,,,1452.4,1043.3
1446,pedestrian,model_reliable_for_this_class,25.69,27.29,1.6,36,1.6,,3.6,5.6,12.3,0.0,0.0,,292.0,291.0,,unknown,0.82,1.64,0.1,1358.4,198.6
1451,pedestrian,model_reliable_for_this_class,25.79,28.33,2.54,47,2.4,,3.5,5.5,14.9,0.43,0.3,25.79,304.4,291.0,,unknown,0.61,1.13,0.07,1004.9,445.4
1459,pedestrian,model_reliable_for_this_class,26.06,33.8,7.74,162,1.4,,0.7,2.2,2.6,7.74,7.74,26.06,284.7,304.2,,unknown,1.05,1.39,0.57,1555.5,452.5
1467,car,measured_size,26.16,49.92,23.76,599,88.0,,13.4,27.9,48.6,0.0,0.0,,199.6,288.0,70.6,right,1.31,1.47,0.57,1786.4,33.5
1482,car,measured_size,26.43,27.76,1.34,21,0.2,,0.4,0.5,2.3,1.34,1.34,26.43,331.3,340.0,,unknown,1.97,1.69,1.3,1550.6,844.8
1490,lgv,measured_size_overrides_model,26.53,36.84,10.31,145,4.7,,1.3,4.4,7.1,9.78,4.6,26.53,259.4,220.4,,unknown,4.2,3.07,2.52,1573.9,921.9
1503,bus,model_only_insufficient_geometry,26.89,27.13,0.23,8,0.0,,,,,0.0,0.0,,,,,unknown,5.02,,,145.9,916.9
1507,pedestrian,model_reliable_for_this_class,26.93,27.19,0.27,9,0.3,,,,,0.0,0.0,,,,,unknown,0.97,,,1046.1,251.8
1553,pedestrian,model_reliable_for_this_class,27.56,28.56,1.0,31,0.1,,0.3,0.4,1.5,1.0,1.0,27.56,256.4,284.9,,unknown,1.0,1.0,0.66,1286.8,764.6
1554,car,measured_size,27.59,39.84,12.25,224,1.4,,0.4,1.0,1.6,12.25,12.25,27.59,295.2,148.8,,unknown,1.46,1.19,0.94,1481.9,446.4
1557,lgv,measured_size_overrides_model,27.66,28.33,0.67,19,1.9,,11.3,11.7,54.6,0.0,0.0,,131.0,129.1,,unknown,3.45,3.13,1.13,853.5,713.6
1563,car,measured_size,27.69,32.8,5.11,63,0.6,,0.4,0.7,2.0,5.11,5.11,27.69,307.2,145.7,,unknown,2.47,2.13,2.07,1441.0,814.0
1573,car,model_only_insufficient_geometry,27.83,28.2,0.37,10,1.7,,,,,0.0,0.0,,,,,unknown,4.04,,,1404.3,304.2
1581,motorcycle,model_reliable_for_this_class,27.89,29.56,1.67,26,1.1,,2.8,4.2,15.4,1.47,0.8,27.89,10.1,359.7,,unknown,1.4,1.01,0.9,1425.7,887.2
1594,pedestrian,model_reliable_for_this_class,28.0,29.4,1.4,43,1.8,,4.7,6.4,15.6,0.27,0.23,29.16,64.0,97.8,,unknown,0.66,1.96,0.22,1043.0,287.9
1601,car,measured_size,28.06,38.24,10.18,294,46.7,,16.6,21.5,56.7,0.0,0.0,,109.8,111.1,1.9,straight,1.62,1.49,0.83,1327.7,440.5
1600,hgv,measured_size_large,28.06,29.3,1.23,38,0.2,,0.5,0.7,2.6,1.23,1.23,28.06,8.7,321.2,,unknown,5.05,4.92,1.96,151.2,917.9
1619,hgv,measured_size_large,28.26,33.37,5.1,118,21.8,,16.0,22.3,91.3,0.0,0.0,,148.1,189.8,18.1,straight,5.36,5.04,1.21,1194.1,793.0
1622,car,measured_size,28.3,42.68,14.38,414,93.5,,23.5,29.7,110.1,0.0,0.0,,296.3,291.3,0.4,straight,1.64,1.28,0.61,1422.6,258.2
1654,car,measured_size,28.93,52.52,23.59,661,115.9,,18.0,33.7,78.9,2.14,2.07,40.01,107.1,109.7,1.8,straight,1.39,1.21,0.59,187.6,1066.5
1663,lgv,measured_size_overrides_model,29.16,29.66,0.5,16,0.1,,0.1,0.1,0.3,0.5,0.5,29.16,105.8,70.9,,unknown,2.91,3.13,1.89,1686.4,68.7
1668,car,measured_size,29.23,40.31,11.08,323,50.3,,16.6,23.8,88.8,0.0,0.0,,153.2,124.4,-31.7,left,3.45,2.96,1.55,127.5,1080.0
1676,pedestrian,model_reliable_for_this_class,29.5,30.33,0.83,16,0.9,,3.4,3.7,12.5,0.0,0.0,,18.5,16.8,,unknown,0.82,,,786.0,409.9
1686,motorcycle,model_reliable_for_this_class,29.73,34.27,4.54,136,20.8,,16.7,21.9,95.5,0.0,0.0,,5.7,4.2,0.7,straight,1.46,,,1610.3,1080.0
1690,lgv,measured_size_overrides_model,29.83,31.0,1.17,33,0.3,,0.5,1.0,1.6,1.17,1.17,29.83,318.6,271.5,,unknown,3.0,3.17,2.56,1687.7,67.8
1712,pedestrian,model_reliable_for_this_class,30.36,33.67,3.3,81,3.6,,4.0,6.4,16.7,0.03,0.0,,301.7,300.8,,unknown,0.68,1.08,0.26,1096.4,413.6
1717,car,model_only_insufficient_geometry,30.5,31.7,1.2,37,5.5,,17.3,19.5,104.2,0.0,0.0,,188.9,189.2,,unknown,1.49,,,1413.3,981.3
1722,car,model_only_insufficient_geometry,30.56,31.0,0.43,12,0.1,,,,,0.0,0.0,,,,,unknown,3.66,,,1358.4,565.3
1732,hgv,measured_size_large,30.73,40.34,9.61,87,2.9,,1.1,4.5,4.4,8.91,8.88,31.46,67.8,158.6,,unknown,7.09,7.46,4.9,1376.0,581.4
1734,car,measured_size,30.76,59.86,29.1,836,119.6,,14.9,20.7,64.8,0.0,0.0,,295.6,287.7,-2.7,straight,1.66,1.42,0.64,1670.2,95.6
1752,pedestrian,model_reliable_for_this_class,31.1,32.3,1.2,21,1.1,,3.2,3.6,16.0,0.27,0.23,32.06,297.0,297.5,,unknown,0.63,0.73,0.33,477.6,663.7
1760,lgv,measured_size_overrides_model,31.16,33.5,2.34,62,0.6,,0.7,1.6,2.2,2.34,2.34,31.16,325.8,43.4,,unknown,3.24,3.03,2.61,1691.9,66.0
1767,pedestrian,model_reliable_for_this_class,31.3,33.27,1.97,60,1.4,,2.5,3.9,9.8,0.93,0.93,31.3,239.1,268.6,,unknown,0.97,1.42,0.68,1134.5,466.5
1776,lgv,footprint_fallback_insufficient_geometry,31.5,31.73,0.23,8,0.3,,,,,0.0,0.0,,,,,unknown,3.22,,,897.9,707.0
1780,pedestrian,model_reliable_for_this_class,31.57,31.86,0.3,10,0.1,,,,,0.0,0.0,,,,,unknown,0.69,,,1359.0,898.8
1789,car,model_only_insufficient_geometry,31.77,33.33,1.57,11,0.0,,,,,0.0,0.0,,,,,unknown,1.14,,,461.3,744.5
1793,motorcycle,model_reliable_for_this_class,31.8,42.44,10.64,317,5.3,,1.6,5.8,5.8,8.68,5.04,31.8,282.1,286.6,,unknown,1.84,1.55,0.9,1494.2,171.5
1795,lgv,footprint_fallback_insufficient_geometry,31.86,32.16,0.3,10,1.7,,,,,0.0,0.0,,,,,unknown,4.23,,,1791.5,69.9
1796,pedestrian,model_reliable_for_this_class,31.86,53.95,22.09,513,74.0,,10.3,37.3,38.9,5.14,2.74,36.77,196.2,292.5,74.4,right,1.31,1.53,0.56,1736.6,112.8
1798,pedestrian,model_reliable_for_this_class,31.9,33.43,1.53,17,1.2,,2.5,2.8,9.4,1.53,1.53,31.9,191.6,194.0,,unknown,0.68,,,760.9,387.0
1799,pedestrian,model_reliable_for_this_class,31.93,32.83,0.9,28,0.6,,1.7,2.5,6.9,0.9,0.9,31.93,52.5,211.9,,unknown,0.67,1.53,0.5,785.5,535.9
1802,car,measured_size,32.1,38.47,6.37,192,38.8,,22.0,29.0,122.1,0.0,0.0,,292.6,292.5,-1.2,straight,2.48,1.94,1.05,726.5,691.9
1805,lgv,footprint_fallback_insufficient_geometry,32.2,32.43,0.23,8,0.4,,,,,0.0,0.0,,,,,unknown,3.41,,,856.7,713.2
1810,car,measured_size,32.33,46.18,13.85,315,70.2,,18.0,28.4,62.4,0.0,0.0,,109.5,136.9,5.1,straight,1.37,1.22,0.68,1142.7,484.7
1815,car,model_only_insufficient_geometry,32.47,33.53,1.07,33,5.6,,19.9,23.4,120.1,0.0,0.0,,185.6,193.0,,unknown,2.26,,,1413.0,984.5
1819,car,measured_size,32.5,36.87,4.37,40,0.9,,0.7,2.9,3.3,4.37,4.37,32.5,319.5,179.8,,unknown,3.16,2.56,2.02,854.8,761.8
1825,bus,measured_size_large_model_says_bus,32.6,33.87,1.27,37,0.2,,0.6,1.2,2.9,1.27,1.27,32.6,206.1,332.5,,unknown,5.04,4.71,2.36,159.8,917.3
1827,car,measured_size,32.63,59.96,27.33,800,107.9,,14.3,24.2,55.0,0.0,0.0,,100.6,111.4,3.6,straight,2.18,1.67,1.16,635.3,842.2
1850,pedestrian,model_reliable_for_this_class,33.4,37.84,4.44,35,0.3,,0.4,0.9,2.1,4.44,4.44,33.4,333.8,236.9,,unknown,2.89,2.55,1.77,1505.9,905.6
1858,car,measured_size,33.7,34.3,0.6,18,0.1,,0.2,0.2,0.7,0.6,0.6,33.7,355.3,271.7,,unknown,1.33,1.29,0.66,439.4,349.3
1859,lgv,measured_size_overrides_model,33.7,55.52,21.82,379,1.8,,0.3,1.1,1.9,21.82,21.82,33.7,323.4,143.4,,unknown,3.25,3.11,1.4,253.2,1080.0
1864,car,measured_size,33.83,42.21,8.38,235,38.8,,16.8,21.8,93.6,0.0,0.0,,293.5,291.3,1.7,straight,1.8,1.5,0.27,732.5,689.0
1877,pedestrian,model_reliable_for_this_class,34.1,37.94,3.84,88,3.0,,2.6,4.5,7.0,2.34,1.34,36.6,231.6,228.9,,unknown,0.73,1.67,0.54,1283.1,68.0
1882,motorcycle,model_reliable_for_this_class,34.17,43.91,9.74,268,17.6,,6.8,16.3,27.2,4.04,3.87,35.3,194.9,284.5,56.6,right,1.09,1.46,0.48,1158.9,414.4
1884,car,model_only_insufficient_geometry,34.2,34.73,0.53,12,0.1,,,,,0.0,0.0,,,,,unknown,1.66,,,1561.0,402.1
1885,car,measured_size,34.23,48.25,14.01,183,8.2,,2.3,7.1,11.0,11.31,5.6,42.64,43.6,333.9,,unknown,1.31,1.15,0.54,145.7,1014.0
1891,car,model_only_insufficient_geometry,34.53,34.97,0.43,14,1.2,,,,,0.0,0.0,,,,,unknown,3.24,,,1478.1,1062.2
1892,pedestrian,model_reliable_for_this_class,34.53,34.84,0.3,10,0.1,,,,,0.0,0.0,,,,,unknown,0.57,,,892.9,333.6
1895,car,measured_size_overrides_model,34.53,37.97,3.44,96,0.5,,0.4,1.1,1.2,3.44,3.44,34.53,104.3,307.4,,unknown,3.22,2.95,2.39,1694.3,62.3
1896,car,measured_size,34.57,51.12,16.55,430,78.1,,17.6,28.9,89.5,0.0,0.0,,293.2,289.7,19.0,straight,1.65,1.48,0.61,1309.4,482.8
1900,car,measured_size,34.63,35.67,1.03,31,4.6,,16.8,19.1,100.8,0.0,0.0,,181.3,178.0,,unknown,1.95,1.83,0.35,1426.9,1001.8
1902,pedestrian,model_reliable_for_this_class,34.63,38.01,3.37,102,0.6,,0.5,1.1,1.4,3.37,3.37,34.63,207.0,259.7,,unknown,0.71,1.92,0.35,1501.5,147.7
1906,car,measured_size,34.67,58.56,23.89,664,135.2,,20.4,30.4,86.5,0.0,0.0,,293.1,288.8,-3.4,straight,1.71,1.5,0.47,1815.2,19.0
1903,motorcycle,model_reliable_for_this_class,34.67,44.44,9.78,264,11.9,,4.5,7.1,19.3,1.9,1.8,38.64,200.8,253.0,,unknown,1.1,1.4,0.45,1054.7,521.4
1913,pedestrian,model_reliable_for_this_class,34.9,35.17,0.27,9,0.1,,,,,0.0,0.0,,,,,unknown,0.79,,,518.6,638.2
1917,pedestrian,model_reliable_for_this_class,34.97,35.8,0.83,26,0.3,,1.1,1.2,5.2,0.83,0.83,34.97,332.0,339.2,,unknown,0.53,0.93,0.36,1301.8,511.5
1919,pedestrian,model_reliable_for_this_class,35.0,35.27,0.27,9,0.1,,,,,0.0,0.0,,,,,unknown,0.54,,,898.0,490.0
1921,pedestrian,model_reliable_for_this_class,35.03,42.28,7.24,77,0.5,,0.2,1.1,0.7,7.24,7.24,35.03,206.8,91.2,,unknown,0.97,1.32,0.66,1416.7,168.3
1926,pedestrian,model_reliable_for_this_class,35.13,59.96,24.83,661,3.1,,0.4,1.3,1.7,24.83,24.83,35.13,63.6,318.8,,unknown,0.74,1.42,0.37,502.6,637.0
1928,lgv,footprint_fallback_insufficient_geometry,35.13,35.47,0.33,11,0.0,,,,,0.0,0.0,,,,,unknown,3.16,,,853.7,763.7
1934,motorcycle,model_reliable_for_this_class,35.3,35.67,0.37,12,0.6,,,,,0.0,0.0,,,,,unknown,0.97,,,1053.3,478.8
1935,car,measured_size,35.34,57.72,22.39,667,94.6,,15.2,25.6,54.2,0.5,0.5,35.34,144.5,279.8,83.8,right,3.68,2.83,2.29,1861.1,13.9
1938,bus,model_only_insufficient_geometry,35.37,35.6,0.23,8,0.0,,,,,0.0,0.0,,,,,unknown,5.06,,,157.3,916.7
1945,car,model_only_insufficient_geometry,35.64,36.07,0.43,8,1.0,,,,,0.0,0.0,,,,,unknown,3.48,,,1381.0,311.7
1946,hgv,measured_size_large,35.7,36.3,0.6,19,0.1,,0.7,0.7,4.0,0.6,0.6,35.7,286.6,292.2,,unknown,5.09,5.28,0.7,159.8,915.7
1948,pedestrian,model_reliable_for_this_class,35.74,36.17,0.43,12,0.1,,,,,0.0,0.0,,,,,unknown,0.99,,,1505.1,938.9
1951,car,model_only_insufficient_geometry,35.8,37.14,1.34,41,5.6,,15.7,17.5,93.9,0.0,0.0,,185.5,188.3,,unknown,1.56,,,1414.6,976.1
1952,car,measured_size,35.8,56.39,20.59,618,57.9,,10.1,12.9,33.5,0.0,0.0,,94.9,118.3,1.7,straight,2.3,2.14,1.21,1329.3,452.9
1954,car,model_only_insufficient_geometry,35.84,36.57,0.73,23,2.1,,11.1,12.6,44.1,0.0,0.0,,278.3,279.5,,unknown,1.15,,,1085.2,449.3
1957,car,measured_size,36.0,59.96,23.96,708,111.9,,16.8,23.5,65.4,0.0,0.0,,106.6,110.5,4.1,straight,2.22,1.8,1.15,554.6,851.1
1963,pedestrian,model_reliable_for_this_class,36.07,42.81,6.74,203,2.9,,1.4,6.0,4.4,5.51,5.24,36.07,254.7,296.3,,unknown,1.01,1.53,0.57,1502.6,169.6
1972,car,measured_size,36.27,43.01,6.74,17,0.4,,0.2,0.2,0.7,6.74,6.74,36.27,90.2,91.1,,unknown,3.47,2.37,2.33,1481.6,522.9
1983,lgv,measured_size_overrides_model,36.6,59.96,23.36,701,130.3,,20.1,31.7,86.7,0.0,0.0,,301.3,286.6,-1.6,straight,3.86,3.07,1.88,1785.3,73.8
1985,car,measured_size,36.67,59.96,23.29,699,103.3,,16.0,27.2,58.9,0.0,0.0,,95.3,108.8,3.4,straight,3.17,2.5,1.97,746.3,748.3
1991,pedestrian,model_reliable_for_this_class,36.87,39.34,2.47,75,0.6,,0.7,1.8,2.5,2.47,2.47,36.87,273.9,224.3,,unknown,0.74,1.31,0.25,1501.6,368.4
1997,pedestrian,model_reliable_for_this_class,37.04,37.8,0.77,24,0.2,,1.0,1.4,2.9,0.77,0.77,37.04,242.4,241.1,,unknown,0.86,1.96,0.74,1481.9,154.2
2000,lgv,footprint_fallback_insufficient_geometry,37.14,37.4,0.27,9,0.7,,,,,0.0,0.0,,,,,unknown,3.88,,,957.4,630.5
2033,motorcycle,model_reliable_for_this_class,38.41,48.52,10.11,277,22.0,,8.0,13.8,33.2,0.0,0.0,,194.2,287.4,79.1,right,1.13,1.52,0.54,1156.8,416.1
2036,car,measured_size,38.47,59.73,21.25,450,7.7,,0.9,4.3,4.5,20.49,13.51,46.21,80.2,36.6,,unknown,3.32,2.84,2.23,1569.5,925.5
2038,lgv,measured_size_overrides_model,38.51,43.01,4.5,124,0.7,,0.5,1.4,1.5,4.5,4.5,38.51,120.6,122.5,,unknown,3.23,3.01,2.32,1691.0,64.3
2042,car,measured_size,38.6,59.76,21.16,326,1.4,,0.2,0.9,1.1,21.16,21.16,38.6,133.6,315.4,,unknown,1.81,1.61,1.38,837.9,763.2
2046,car,measured_size,38.67,41.14,2.47,16,10.8,,16.0,16.2,55.0,0.0,0.0,,290.5,290.5,,unknown,1.31,1.54,0.48,1548.2,213.7
2048,pedestrian,model_reliable_for_this_class,38.74,39.94,1.2,32,0.6,,2.0,2.3,10.8,1.2,1.2,38.74,314.1,350.8,,unknown,1.03,0.99,0.76,1548.8,945.0
2055,pedestrian,model_reliable_for_this_class,38.84,59.96,21.12,626,2.3,,0.3,1.0,1.5,21.12,21.12,38.84,99.2,310.0,,unknown,0.75,1.22,0.46,556.5,609.4
2058,pedestrian,model_reliable_for_this_class,38.94,48.85,9.91,285,15.0,,5.4,10.7,22.4,2.14,0.83,42.48,49.8,71.7,24.6,straight,0.85,1.58,0.52,787.2,677.9
2060,pedestrian,model_reliable_for_this_class,38.97,42.21,3.24,95,10.5,,11.8,13.2,47.2,0.0,0.0,,110.2,80.9,,unknown,1.44,1.13,0.92,1181.9,569.6
2072,car,measured_size,39.17,47.51,8.34,97,1.5,,0.4,1.0,1.9,8.34,8.34,39.17,142.6,246.0,,unknown,2.46,2.09,1.73,857.6,750.1
2070,lgv,measured_size_overrides_model,39.17,42.31,3.14,59,0.5,,0.3,0.8,1.5,3.14,3.14,39.17,77.0,31.6,,unknown,4.32,3.77,3.18,1371.6,687.9
2074,car,measured_size,39.24,59.96,20.72,622,78.1,,13.6,21.2,46.0,1.03,1.0,58.96,94.5,195.5,31.3,right,3.36,2.8,2.01,1104.8,499.3
2077,car,model_only_insufficient_geometry,39.31,39.74,0.43,8,0.0,,,,,0.0,0.0,,,,,unknown,3.91,,,1389.8,641.0
2084,pedestrian,model_reliable_for_this_class,39.44,46.08,6.64,91,6.0,,3.4,5.6,14.3,2.87,2.1,43.58,35.6,69.3,,unknown,0.71,1.0,0.48,830.6,657.4
2082,car,measured_size,39.44,59.96,20.52,575,68.9,,11.8,26.5,43.9,0.0,0.0,,207.6,290.0,62.4,right,2.18,2.13,1.0,1681.7,138.1
2093,pedestrian,model_reliable_for_this_class,39.61,40.14,0.53,17,0.1,,0.4,0.5,1.3,0.53,0.53,39.61,358.2,10.9,,unknown,0.71,,,443.2,194.7
2100,pedestrian,model_reliable_for_this_class,39.77,42.84,3.07,86,0.9,,1.0,2.0,3.9,3.07,3.07,39.77,227.0,285.5,,unknown,0.67,0.91,0.29,1290.3,509.4
2114,pedestrian,model_reliable_for_this_class,40.01,45.51,5.51,122,0.5,,0.3,0.7,1.0,5.51,5.51,40.01,58.4,59.7,,unknown,0.62,1.06,0.42,1525.4,409.4
2117,hgv,measured_size_large,40.04,42.88,2.84,77,14.2,,19.5,22.1,113.9,0.0,0.0,,160.7,185.1,14.7,straight,4.55,4.63,0.88,1287.8,882.5
2120,car,measured_size,40.07,48.45,8.38,252,59.9,,25.8,31.9,84.6,0.0,0.0,,96.7,114.3,-0.9,straight,3.08,2.47,1.82,1318.2,443.7
2121,motorcycle,model_reliable_for_this_class,40.11,52.25,12.15,277,28.0,,7.6,17.1,23.8,0.0,0.0,,310.8,282.1,-15.1,straight,1.53,1.43,0.78,1764.4,37.1
2130,car,measured_size,40.34,49.62,9.28,276,49.7,,19.4,27.1,104.0,0.0,0.0,,158.9,116.7,-36.6,left,2.27,2.02,0.82,139.2,1080.0
2132,car,model_only_insufficient_geometry,40.37,40.64,0.27,9,1.2,,,,,0.0,0.0,,,,,unknown,3.71,,,1706.0,114.0
2137,car,measured_size,40.44,41.67,1.23,38,0.4,,0.8,1.3,2.0,1.23,1.23,40.44,80.6,224.4,,unknown,1.12,1.44,0.96,425.9,61.2
2146,car,measured_size,40.67,56.99,16.32,432,13.6,,3.1,6.4,13.7,6.64,5.24,43.48,292.7,286.1,-20.8,straight,1.42,1.12,0.75,920.5,492.3
2149,car,model_only_insufficient_geometry,40.74,40.97,0.23,8,0.8,,,,,0.0,0.0,,,,,unknown,3.64,,,1730.4,100.6
2156,car,model_only_insufficient_geometry,40.81,42.41,1.6,10,0.1,,,,,0.0,0.0,,,,,unknown,1.88,,,1618.5,987.7
2171,pedestrian,model_reliable_for_this_class,41.07,50.15,9.08,66,1.2,,0.3,0.9,1.6,9.08,9.08,41.07,77.0,233.3,,unknown,3.01,2.55,1.67,1502.3,908.6
2180,pedestrian,model_reliable_for_this_class,41.17,41.44,0.27,9,0.0,,,,,0.0,0.0,,,,,unknown,0.61,,,1132.9,88.5
2199,car,measured_size,41.48,52.42,10.94,327,51.4,,17.0,23.2,91.2,0.0,0.0,,162.2,117.1,-32.8,left,1.5,1.36,0.53,115.5,1080.0
2200,car,model_only_insufficient_geometry,41.48,41.71,0.23,8,0.9,,,,,0.0,0.0,,,,,unknown,3.62,,,1784.1,66.9
2206,pedestrian,model_reliable_for_this_class,41.67,43.11,1.44,24,1.0,,2.7,3.2,8.9,0.9,0.6,42.51,295.8,290.5,,unknown,1.44,2.34,0.15,1744.6,247.1
2208,car,model_only_insufficient_geometry,41.71,42.11,0.4,13,0.8,,,,,0.0,0.0,,,,,unknown,2.93,,,1475.1,1063.0
2209,pedestrian,model_reliable_for_this_class,41.74,42.78,1.03,32,0.4,,1.1,1.7,4.6,1.03,1.03,41.74,218.7,63.6,,unknown,0.59,1.5,0.17,784.4,531.4
2212,motorcycle,model_reliable_for_this_class,41.77,42.24,0.47,15,0.3,,2.5,2.5,10.7,0.47,0.47,41.77,212.0,212.0,,unknown,0.78,1.59,0.11,1044.1,608.4
2217,motorcycle,model_reliable_for_this_class,42.04,45.68,3.64,35,0.3,,0.7,1.4,1.9,3.64,3.64,42.04,107.8,72.4,,unknown,2.46,2.3,1.94,1438.1,190.8
2227,bus,model_only_insufficient_geometry,42.21,42.64,0.43,14,0.0,,,,,0.0,0.0,,,,,unknown,4.97,,,155.1,912.5
2228,car,measured_size,42.24,59.96,17.72,532,58.6,,11.9,19.8,45.8,0.0,0.0,,174.2,290.8,73.9,right,2.11,2.17,0.99,1537.2,190.9
2250,motorcycle,model_reliable_for_this_class,42.61,52.12,9.51,263,35.1,,13.5,16.5,72.4,0.0,0.0,,65.7,2.0,-34.2,left,1.36,1.61,0.63,1598.9,1080.0
2248,car,measured_size,42.61,47.88,5.27,125,10.6,,7.2,11.3,30.9,0.0,0.0,,205.2,224.1,,unknown,1.09,1.67,0.4,1055.7,523.2
2277,pedestrian,model_reliable_for_this_class,43.24,54.19,10.94,89,1.3,,0.3,0.8,0.9,10.94,10.94,43.24,44.8,83.1,,unknown,0.79,1.81,0.42,1276.8,184.2
2280,pedestrian,model_reliable_for_this_class,43.31,45.81,2.5,34,1.9,,3.1,8.4,9.3,2.27,1.93,43.88,23.5,16.4,,unknown,0.95,1.58,0.14,471.1,236.4
2286,pedestrian,model_reliable_for_this_class,43.41,49.72,6.31,116,4.0,,2.0,4.9,8.3,3.9,1.67,46.41,129.3,67.3,,unknown,0.56,1.02,0.22,1045.2,424.0
2287,car,measured_size,43.44,55.49,12.05,181,1.4,,0.4,1.2,1.3,12.05,12.05,43.44,148.2,187.6,,unknown,1.23,1.1,0.89,433.3,344.7
2288,motorcycle,model_reliable_for_this_class,43.48,48.15,4.67,119,34.3,,27.3,38.4,82.8,0.0,0.0,,289.4,288.7,-0.7,straight,1.36,1.77,0.39,1816.5,16.0
2289,pedestrian,model_reliable_for_this_class,43.51,43.74,0.23,8,0.1,,,,,0.0,0.0,,,,,unknown,0.52,,,950.3,325.5
2296,car,measured_size,43.74,59.93,16.18,433,52.5,,11.8,26.3,61.2,0.0,0.0,,292.3,355.3,53.0,right,1.57,1.42,0.56,1611.2,1080.0
2305,car,measured_size,43.91,59.96,16.05,446,87.6,,19.7,30.4,95.3,0.0,0.0,,294.3,291.9,2.3,straight,1.6,1.16,0.7,1362.7,315.6
2310,lgv,measured_size_overrides_model,43.98,44.58,0.6,19,0.2,,0.4,0.5,1.2,0.6,0.6,43.98,81.0,319.5,,unknown,2.92,3.13,2.3,1690.4,65.7
2315,car,measured_size,44.01,59.96,15.95,399,2.1,,0.4,1.1,1.4,15.95,15.95,44.01,349.2,287.9,,unknown,1.4,1.14,0.94,1479.8,449.0
2320,car,measured_size,44.08,59.83,15.75,455,81.7,,18.8,25.4,91.3,0.0,0.0,,295.3,294.7,1.9,straight,1.73,1.28,0.84,1291.3,355.3
2324,pedestrian,model_reliable_for_this_class,44.11,46.55,2.44,23,1.5,,2.5,4.6,14.5,2.0,1.3,45.24,198.7,189.1,,unknown,0.96,,,1455.3,912.5
2325,motorcycle,model_reliable_for_this_class,44.14,52.02,7.88,195,59.8,,27.3,48.3,91.2,0.0,0.0,,289.8,289.1,-0.2,straight,1.36,1.29,0.71,1804.9,33.0
2341,motorcycle,model_reliable_for_this_class,44.44,49.18,4.74,85,12.4,,9.9,18.9,31.7,0.0,0.0,,296.0,290.1,-24.4,straight,1.78,1.69,0.71,1669.2,87.4
2344,car,measured_size,44.51,59.89,15.38,224,1.6,,0.3,1.2,1.5,15.38,15.38,44.51,133.2,88.6,,unknown,1.92,1.62,1.16,579.5,600.3
2350,hgv,measured_size_large,44.61,45.08,0.47,15,0.1,,0.4,0.4,1.9,0.47,0.47,44.61,215.0,215.0,,unknown,4.84,4.68,2.84,155.4,912.8
2351,pedestrian,model_reliable_for_this_class,44.68,56.69,12.01,274,11.3,,3.3,6.7,12.1,4.57,0.83,51.59,288.9,216.4,,unknown,0.71,1.5,0.22,1049.5,238.7
2362,motorcycle,model_reliable_for_this_class,44.84,59.96,15.12,384,68.9,,16.6,24.3,56.4,0.0,0.0,,269.4,286.6,4.3,straight,1.28,1.37,0.57,1775.3,44.0
2366,pedestrian,model_reliable_for_this_class,44.95,45.78,0.83,26,0.6,,2.6,3.3,10.4,0.47,0.43,45.34,52.1,52.6,,unknown,0.7,1.51,0.51,784.5,538.4
2371,pedestrian,model_reliable_for_this_class,45.11,47.05,1.93,39,1.7,,2.7,5.3,9.6,0.8,0.47,46.58,116.9,133.5,,unknown,1.36,1.59,0.7,1731.8,265.0
2370,car,model_only_insufficient_geometry,45.11,45.85,0.73,15,1.5,,7.1,7.1,28.6,0.0,0.0,,275.5,275.5,,unknown,1.09,,,1087.6,481.7
2377,bus,measured_size_large_model_says_bus,45.38,46.61,1.23,29,0.1,,0.4,0.6,2.4,1.23,1.23,45.38,98.7,191.1,,unknown,4.98,5.66,0.21,154.2,913.5
2378,car,model_only_insufficient_geometry,45.41,45.78,0.37,10,0.1,,,,,0.0,0.0,,,,,unknown,2.97,,,1279.7,544.1
2384,hgv,measured_size_large,45.55,47.35,1.8,52,9.1,,18.6,21.1,109.9,0.0,0.0,,152.0,184.4,,unknown,5.19,4.77,1.05,1371.8,961.0
2387,hgv,measured_size_large,45.65,50.52,4.87,131,1.8,,0.9,3.7,3.7,4.8,4.07,45.65,206.3,16.0,,unknown,3.84,5.96,2.22,1378.0,583.8
2389,pedestrian,model_reliable_for_this_class,45.75,50.28,4.54,129,0.7,,0.4,0.8,1.4,4.54,4.54,45.75,77.7,263.5,,unknown,0.65,1.43,0.25,1014.3,252.8
2405,lgv,measured_size_overrides_model,46.31,49.35,3.04,19,0.1,,0.0,0.0,0.1,3.04,3.04,46.31,342.3,46.8,,unknown,4.5,4.32,1.53,557.8,599.6
2419,car,measured_size_overrides_model,46.48,47.55,1.07,31,0.3,,0.6,1.2,2.2,1.07,1.07,46.48,334.0,129.8,,unknown,3.14,2.98,2.51,1687.5,67.1
2430,pedestrian,model_reliable_for_this_class,46.68,47.08,0.4,13,0.1,,,,,0.0,0.0,,,,,unknown,0.8,,,478.3,242.7
2438,pedestrian,model_reliable_for_this_class,46.78,49.58,2.8,61,0.9,,1.1,2.9,5.7,2.8,2.8,46.78,238.4,280.1,,unknown,0.5,0.68,0.41,847.1,789.0
2439,pedestrian,model_reliable_for_this_class,46.81,47.71,0.9,24,0.3,,1.2,1.4,4.1,0.9,0.9,46.81,34.0,33.5,,unknown,0.65,,,1323.8,171.2
2453,lgv,measured_size_overrides_model,46.98,53.19,6.21,60,0.8,,0.5,1.4,2.2,6.21,6.21,46.98,161.6,230.9,,unknown,4.31,3.63,3.41,1369.7,686.9
2459,pedestrian,model_reliable_for_this_class,47.25,47.48,0.23,8,0.2,,,,,0.0,0.0,,,,,unknown,0.57,,,783.0,530.9
2465,lgv,measured_size_overrides_model,47.41,59.96,12.55,375,43.3,,12.5,17.9,65.4,0.0,0.0,,142.7,112.4,-32.2,left,3.59,3.19,1.4,302.5,1018.3
2466,car,measured_size,47.48,55.39,7.91,57,1.4,,0.9,3.4,3.4,7.44,7.41,47.98,249.3,211.9,,unknown,3.28,2.49,2.34,1481.1,513.0
2482,car,model_only_insufficient_geometry,47.78,48.02,0.23,8,0.0,,,,,0.0,0.0,,,,,unknown,2.79,,,1685.7,67.7
2481,car,measured_size,47.78,59.96,12.18,334,72.1,,21.4,29.2,75.9,0.0,0.0,,109.4,109.5,0.3,straight,1.45,1.38,0.69,1067.8,572.7
2491,car,measured_size,48.05,58.89,10.84,191,0.9,,0.3,0.7,0.8,10.84,10.84,48.05,102.9,56.6,,unknown,1.61,1.27,1.08,376.3,16.4
2494,lgv,footprint_fallback_insufficient_geometry,48.12,48.35,0.23,8,0.0,,,,,0.0,0.0,,,,,unknown,2.63,,,1685.7,68.1
2506,pedestrian,model_reliable_for_this_class,48.45,54.39,5.94,72,1.9,,1.3,4.5,5.5,5.47,3.97,50.42,244.1,73.5,,unknown,0.58,2.02,0.16,782.3,536.0
2509,car,model_only_insufficient_geometry,48.58,48.81,0.23,8,0.1,,,,,0.0,0.0,,,,,unknown,3.14,,,1306.0,472.6
2510,car,measured_size,48.58,49.52,0.93,28,0.3,,0.9,1.3,2.6,0.93,0.93,48.58,260.2,313.1,,unknown,2.73,2.93,1.89,1687.8,66.1
2511,car,measured_size,48.62,59.96,11.34,266,0.9,,0.2,0.7,1.2,11.34,11.34,48.62,345.0,352.9,,unknown,1.13,1.06,0.81,753.2,995.2
2515,motorcycle,model_reliable_for_this_class,48.72,59.53,10.81,268,48.7,,16.6,24.2,60.5,0.0,0.0,,269.2,292.2,11.2,straight,1.47,1.41,0.78,1622.4,150.2
2516,car,measured_size,48.78,59.96,11.18,336,44.3,,14.3,16.6,65.3,0.0,0.0,,94.5,111.0,2.8,straight,2.91,2.45,1.52,640.2,801.3
2528,pedestrian,model_reliable_for_this_class,48.98,50.18,1.2,37,0.1,,0.3,0.6,1.0,1.2,1.2,48.98,313.4,311.4,,unknown,0.55,1.04,0.39,1525.4,410.2
2534,pedestrian,model_reliable_for_this_class,49.08,52.25,3.17,85,3.3,,3.4,8.8,13.2,1.4,1.4,49.08,234.4,307.0,,unknown,1.06,1.39,0.68,1157.3,449.2
2543,pedestrian,model_reliable_for_this_class,49.32,50.28,0.97,30,1.0,,3.2,4.1,12.2,0.6,0.57,49.72,267.3,311.7,,unknown,0.59,1.83,0.27,1020.6,279.8
2550,car,measured_size,49.45,57.52,8.08,103,49.8,,21.4,47.9,76.2,0.0,0.0,,297.8,289.5,-10.5,straight,1.4,1.1,0.87,1759.5,84.1
2560,car,measured_size,49.75,59.96,10.21,205,23.5,,9.6,23.7,38.6,1.84,1.8,50.92,232.5,288.5,56.4,right,1.01,1.31,0.5,1205.1,396.2
2573,motorcycle,model_reliable_for_this_class,49.98,50.65,0.67,20,1.1,,6.3,6.7,26.3,0.0,0.0,,325.7,322.0,,unknown,1.24,1.1,1.02,1196.8,345.2
2576,car,measured_size,50.05,52.52,2.47,51,1.1,,1.9,2.8,9.6,2.47,2.47,50.05,340.6,1.7,,unknown,1.28,1.14,0.5,173.4,1038.4
2581,motorcycle,model_reliable_for_this_class,50.08,50.45,0.37,12,0.2,,,,,0.0,0.0,,,,,unknown,1.35,,,1293.5,763.4
2585,car,measured_size,50.12,59.96,9.84,273,46.1,,17.0,20.2,90.2,0.0,0.0,,299.4,293.4,-1.4,straight,1.94,1.7,0.36,819.6,582.1
2587,car,measured_size,50.15,51.78,1.63,50,0.6,,1.0,1.3,4.7,1.63,1.63,50.15,15.1,85.7,,unknown,2.34,2.03,1.3,857.5,755.4
2597,pedestrian,model_reliable_for_this_class,50.28,50.68,0.4,11,0.1,,,,,0.0,0.0,,,,,unknown,0.71,,,1339.0,180.2
2595,car,measured_size,50.28,59.96,9.68,291,32.0,,12.0,17.6,60.6,0.0,0.0,,170.8,111.9,-39.5,left,2.14,1.87,0.93,486.3,909.8
2598,car,measured_size,50.32,51.28,0.97,16,0.2,,0.2,0.2,0.7,0.97,0.97,50.32,299.9,293.1,,unknown,2.9,2.13,1.87,1629.0,990.4
2600,hgv,measured_size_large,50.35,50.95,0.6,19,0.1,,0.6,0.7,3.6,0.6,0.6,50.35,285.5,292.8,,unknown,4.9,5.11,0.78,158.4,915.8
2601,motorcycle,model_reliable_for_this_class,50.38,56.12,5.74,156,20.9,,13.1,16.9,44.7,0.0,0.0,,115.1,110.1,-7.3,straight,1.65,1.78,0.85,1315.1,276.7
2604,pedestrian,model_reliable_for_this_class,50.38,50.88,0.5,16,0.1,,0.5,0.5,2.0,0.5,0.5,50.38,327.8,331.5,,unknown,0.86,1.22,0.74,1502.6,369.7
2608,motorcycle,model_reliable_for_this_class,50.45,51.88,1.43,30,1.1,,1.7,3.7,4.9,0.63,0.57,50.45,288.8,64.1,,unknown,1.51,1.6,0.97,1489.2,181.6
2609,pedestrian,model_reliable_for_this_class,50.48,51.28,0.8,25,0.1,,0.3,0.4,0.8,0.8,0.8,50.48,280.6,68.5,,unknown,0.93,1.48,0.74,1416.2,170.9
2633,pedestrian,model_reliable_for_this_class,50.98,51.85,0.87,24,0.3,,1.2,1.4,4.5,0.87,0.87,50.98,280.5,287.8,,unknown,0.47,,,1013.8,277.4
2646,car,measured_size,51.28,59.96,8.68,259,38.7,,16.1,19.3,89.9,0.0,0.0,,291.5,297.8,2.6,straight,1.71,1.59,0.34,712.1,697.7
2647,bus,measured_size_large_model_says_bus,51.28,57.46,6.17,114,0.5,,0.3,0.8,1.5,6.17,6.17,51.28,163.1,192.7,,unknown,4.95,4.67,1.72,151.0,914.3
2653,car,measured_size,51.38,59.96,8.58,244,57.5,,24.3,31.8,125.8,0.0,0.0,,293.5,286.1,-6.3,straight,1.83,1.62,0.34,966.6,501.4
2658,car,measured_size,51.45,56.16,4.7,110,25.3,,20.5,24.2,116.8,0.0,0.0,,112.5,113.5,0.0,straight,1.6,1.57,0.31,205.9,1053.2
2664,pedestrian,model_reliable_for_this_class,51.48,56.66,5.17,120,2.5,,1.9,3.4,5.6,4.87,3.34,52.72,47.5,59.4,,unknown,0.71,1.58,0.43,1340.3,210.5
2669,lgv,measured_size_overrides_model,51.59,53.12,1.53,47,0.4,,0.7,1.6,2.0,1.53,1.53,51.59,88.3,39.7,,unknown,2.92,3.12,1.88,1688.8,67.7
2676,pedestrian,model_reliable_for_this_class,51.82,55.49,3.67,25,3.4,,3.3,3.8,17.5,0.03,0.0,,180.2,180.1,,unknown,0.91,0.65,0.59,1326.6,810.0
2680,motorcycle,model_reliable_for_this_class,51.95,54.05,2.1,64,0.4,,0.6,1.4,1.7,2.1,2.1,51.95,316.5,69.8,,unknown,0.89,1.62,0.67,1532.0,151.8
2686,pedestrian,model_reliable_for_this_class,52.09,58.42,6.34,191,0.7,,0.3,0.6,1.2,6.34,6.34,52.09,130.7,282.2,,unknown,0.55,0.95,0.3,1523.5,409.9
2687,hgv,measured_size_large,52.12,58.49,6.37,104,0.7,,0.3,0.9,1.2,6.37,6.37,52.12,71.9,307.0,,unknown,3.69,6.17,2.1,1356.4,563.3
2696,pedestrian,model_reliable_for_this_class,52.32,54.92,2.6,79,0.3,,0.3,0.5,0.9,2.6,2.6,52.32,62.9,206.1,,unknown,0.67,1.49,0.32,1012.3,254.0
2699,pedestrian,model_reliable_for_this_class,52.42,52.69,0.27,9,0.2,,,,,0.0,0.0,,,,,unknown,2.72,,,1500.0,907.3
2700,car,measured_size,52.59,54.85,2.27,69,0.6,,0.8,2.9,3.2,2.27,2.27,52.59,286.8,240.2,,unknown,1.36,1.16,1.08,1351.7,450.7
2701,lgv,measured_size_overrides_model,52.69,59.96,7.27,218,13.8,,6.9,10.4,30.3,0.0,0.0,,194.0,251.8,50.4,right,3.15,3.06,1.54,1032.4,534.0
2718,lgv,footprint_fallback_insufficient_geometry,53.22,53.45,0.23,8,0.1,,,,,0.0,0.0,,,,,unknown,2.83,,,1687.5,68.0
2727,pedestrian,model_reliable_for_this_class,53.39,56.36,2.97,25,2.3,,2.5,3.0,13.8,2.97,2.97,53.39,230.2,231.3,,unknown,0.72,0.72,0.49,1467.0,938.8
2739,pedestrian,model_reliable_for_this_class,53.55,54.22,0.67,20,0.6,,3.8,3.9,19.8,0.0,0.0,,116.3,112.4,,unknown,0.61,1.17,0.03,761.5,875.2
2749,car,measured_size,53.65,59.96,6.31,149,34.6,,20.3,27.8,70.2,0.0,0.0,,291.4,288.7,1.4,straight,1.28,1.37,0.54,1601.5,168.3
2764,car,model_only_insufficient_geometry,54.12,55.62,1.5,24,0.8,,1.7,2.0,11.4,1.5,1.5,54.12,99.9,96.5,,unknown,1.2,,,13.0,1068.8
2768,pedestrian,model_reliable_for_this_class,54.15,59.93,5.77,160,0.9,,0.4,0.9,1.4,5.77,5.77,54.15,166.5,279.9,,unknown,0.61,1.05,0.39,1499.2,369.9
2792,motorcycle,model_reliable_for_this_class,54.62,58.09,3.47,94,17.1,,18.1,22.5,62.6,0.0,0.0,,292.7,298.3,3.7,straight,1.42,1.23,0.74,1545.2,181.9
2796,motorcycle,model_reliable_for_this_class,54.69,59.96,5.27,158,22.0,,15.1,21.7,60.5,0.0,0.0,,234.2,285.3,40.5,right,1.07,1.54,0.53,1179.1,383.6
2802,motorcycle,model_reliable_for_this_class,54.79,55.19,0.4,9,1.1,,,,,0.0,0.0,,,,,unknown,1.46,,,1449.4,222.9
2806,car,measured_size,54.92,59.63,4.7,105,25.3,,19.8,24.7,63.7,0.0,0.0,,109.9,113.3,2.8,straight,1.55,1.76,0.63,1538.0,308.0
2808,lgv,measured_size_overrides_model,54.95,55.42,0.47,15,0.1,,0.4,0.4,1.5,0.47,0.47,54.95,166.0,166.0,,unknown,2.87,3.03,2.12,1687.0,68.1
2815,car,measured_size,55.16,56.86,1.7,23,0.2,,0.4,0.8,1.4,1.7,1.7,55.16,225.6,224.6,,unknown,2.23,2.1,2.05,467.4,270.1
2826,car,measured_size,55.52,59.36,3.84,49,0.2,,0.1,0.3,0.7,3.84,3.84,55.52,35.7,114.9,,unknown,1.87,1.72,0.79,1616.8,990.5
2830,pedestrian,model_reliable_for_this_class,55.59,56.09,0.5,16,0.1,,0.9,0.9,4.0,0.5,0.5,55.59,330.6,331.6,,unknown,0.54,0.88,0.39,1301.2,510.3
2839,car,model_only_insufficient_geometry,55.86,56.26,0.4,13,1.3,,,,,0.0,0.0,,,,,unknown,1.38,,,1502.4,195.7
2860,motorcycle,model_reliable_for_this_class,56.39,59.96,3.57,51,0.5,,0.5,1.0,1.9,3.57,3.57,56.39,180.8,304.2,,unknown,1.4,1.63,0.71,1526.3,148.4
2862,lgv,measured_size_overrides_model,56.56,59.96,3.4,103,19.4,,20.8,23.9,58.5,0.0,0.0,,95.6,109.4,8.0,straight,3.3,3.02,1.94,1748.9,149.9
2876,car,measured_size,56.86,57.62,0.77,24,0.1,,0.4,0.4,1.3,0.77,0.77,56.86,165.2,318.4,,unknown,2.74,2.92,2.17,1687.3,68.6
2885,car,measured_size,57.12,59.96,2.84,86,16.6,,21.4,22.7,126.7,0.0,0.0,,293.2,295.0,0.9,straight,1.98,1.98,0.24,355.5,884.2
2898,pedestrian,model_reliable_for_this_class,57.42,58.73,1.3,40,1.6,,3.6,6.1,11.7,0.43,0.27,57.42,178.2,226.2,,unknown,0.68,1.6,0.24,1034.7,217.9
2905,car,measured_size,57.69,59.96,2.27,47,0.2,,0.3,0.7,1.0,2.27,2.27,57.69,85.4,14.5,,unknown,2.05,1.62,1.52,482.8,291.9
2907,lgv,measured_size_overrides_model,57.76,58.59,0.83,26,0.2,,0.9,1.1,2.6,0.83,0.83,57.76,265.3,217.1,,unknown,2.81,3.06,1.62,1686.9,67.2
2910,pedestrian,model_reliable_for_this_class,57.76,58.66,0.9,28,0.3,,0.9,1.7,3.5,0.9,0.9,57.76,195.8,136.7,,unknown,0.89,1.52,0.58,1328.8,217.4
2912,car,measured_size,57.79,59.96,2.17,55,0.7,,0.9,2.4,3.1,2.17,2.17,57.79,258.0,22.3,,unknown,2.26,1.87,1.28,469.4,271.1
2913,car,measured_size,57.82,59.96,2.14,48,10.6,,17.9,21.3,65.3,0.0,0.0,,292.4,289.9,,unknown,1.38,1.08,0.84,1547.2,322.6
2914,car,model_only_insufficient_geometry,57.86,59.96,2.1,64,3.5,,6.0,7.1,23.7,0.0,0.0,,95.4,105.5,,unknown,2.05,,,1266.9,516.6
2915,motorcycle,model_reliable_for_this_class,57.89,59.23,1.34,34,6.7,,19.1,23.5,62.3,0.0,0.0,,290.9,292.5,,unknown,2.05,3.45,0.43,1608.0,160.3
2919,car,measured_size,58.06,59.96,1.9,58,12.9,,25.0,26.8,147.3,0.0,0.0,,295.5,294.3,-0.6,straight,2.06,2.17,0.08,301.4,881.8
2929,bus,measured_size_large_model_says_bus,58.42,59.76,1.34,41,0.2,,0.5,0.8,2.5,1.34,1.34,58.42,127.7,330.9,,unknown,4.93,4.61,2.49,152.9,915.2
2933,pedestrian,model_reliable_for_this_class,58.59,58.86,0.27,9,0.1,,,,,0.0,0.0,,,,,unknown,0.48,,,1149.0,451.5
2936,pedestrian,model_reliable_for_this_class,58.69,59.43,0.73,18,0.4,,2.2,2.4,11.7,0.73,0.73,58.69,300.8,306.6,,unknown,0.73,1.04,0.34,748.0,901.9
2946,lgv,measured_size_overrides_model,58.99,59.96,0.97,30,4.4,,17.6,22.6,105.2,0.0,0.0,,157.8,186.8,,unknown,4.75,3.86,0.76,1446.3,1025.8
2961,lgv,footprint_fallback_insufficient_geometry,59.53,59.76,0.23,8,0.0,,,,,0.0,0.0,,,,,unknown,2.95,,,1687.5,67.7
2963,car,model_only_insufficient_geometry,59.59,59.96,0.37,11,0.0,,,,,0.0,0.0,,,,,unknown,3.1,,,255.9,1080.0
